bid,keyword,region,match,predicted_conv_value,predicted_clicks,predicted_profit
17.869532282205324,ai graphic design course,USA,Exact match,189.57622949853055,-4.364762261977519,267.57248964308934
17.869532282205324,ai graphic design course,A,Exact match,189.57622949853055,-4.364762261977519,267.57248964308934
17.869532282205324,ai graphic design course,B,Exact match,189.57622949853055,-4.364762261977519,267.57248964308934
10.422639590525883,best place to study artificial intelligence,A,Exact match,111.62535898363174,-3.1238889325348747,144.18452744827536
10.422639590525883,best place to study artificial intelligence,USA,Exact match,111.62535898363174,-3.1238889325348747,144.18452744827536
10.422639590525883,best place to study artificial intelligence,B,Exact match,111.62535898363174,-3.1238889325348747,144.18452744827536
8.82943851670891,best place to study artificial intelligence,B,Phrase match,96.01668638196901,-2.8584143509853543,121.2548801492726
8.82943851670891,best place to study artificial intelligence,A,Phrase match,96.01668638196901,-2.8584143509853543,121.2548801492726
8.82943851670891,best place to study artificial intelligence,USA,Phrase match,96.01668638196901,-2.8584143509853543,121.2548801492726
8.16371785437989,bootcamp ai,B,Exact match,58.3880071236778,-2.7474855315308946,80.81770381208699
8.16371785437989,bootcamp ai,A,Exact match,58.3880071236778,-2.7474855315308946,80.81770381208699
8.16371785437989,bootcamp ai,USA,Exact match,58.3880071236778,-2.7474855315308946,80.81770381208699
7.580507419417696,northeastern university artificial intelligence,USA,Exact match,55.52270769918133,-2.6503053646712162,75.61336717979401
7.4964939422973575,professional certificate in AI,B,Phrase match,37.13451602433252,-2.6363062260484664,56.897569677945654
7.4964939422973575,professional certificate in AI,USA,Phrase match,37.13451602433252,-2.6363062260484664,56.897569677945654
7.4964939422973575,professional certificate in AI,A,Phrase match,37.13451602433252,-2.6363062260484664,56.897569677945654
7.185268402156908,generative ai fundamentals,USA,Exact match,88.34293283224179,-2.5844468145731256,106.91287686604915
7.185268402156908,generative ai fundamentals,B,Exact match,88.34293283224179,-2.5844468145731256,106.91287686604915
7.185268402156908,generative ai fundamentals,A,Exact match,88.34293283224179,-2.5844468145731256,106.91287686604915
6.570516780696536,bootcamp ai,A,Phrase match,42.779334523324145,-2.48201094995911,59.08742911990303
6.570516780696536,bootcamp ai,B,Phrase match,42.779334523324145,-2.48201094995911,59.08742911990303
6.570516780696536,bootcamp ai,USA,Phrase match,42.779334523324145,-2.48201094995911,59.08742911990303
6.17221475982461,mit ai class,USA,Exact match,43.542027113518486,-2.41564201254716,58.45188839781449
6.17221475982461,mit ai class,A,Exact match,43.542027113518486,-2.41564201254716,58.45188839781449
6.17221475982461,mit ai class,B,Exact match,43.542027113518486,-2.41564201254716,58.45188839781449
5.832392880862706,ai for executives,USA,Exact match,83.27217179643938,-2.3590176023365634,97.03088926613697
5.832392880862706,ai for executives,A,Exact match,83.27217179643938,-2.3590176023365634,97.03088926613697
5.832392880862706,ai for executives,B,Exact match,83.27217179643938,-2.3590176023365634,97.03088926613697
5.468216062626095,MIT generative AI certificate,USA,Exact match,26.299407411832277,-2.2983349364363774,38.8671994285484
5.100648682927096,artificial intelligence bootcamp online,A,Exact match,52.92390597389626,-2.237087302366032,64.3345023763025
5.100648682927096,artificial intelligence bootcamp online,USA,Exact match,52.92390597389626,-2.237087302366032,64.3345023763025
5.069495396353965,artificial intelligence online program,A,Exact match,72.80167840852661,-2.2318962402598146,84.11626612366346
5.069495396353965,artificial intelligence online program,USA,Exact match,72.80167840852661,-2.2318962402598146,84.11626612366346
5.069495396353965,artificial intelligence online program,B,Exact match,72.80167840852661,-2.2318962402598146,84.11626612366346
4.682033881285331,graduate certificate artificial intelligence,USA,Exact match,23.43677457786753,-2.1673336528127627,33.58430417238678
4.579013686430396,mit ai class,B,Phrase match,27.933354515997543,-2.1501674309271954,37.77900061033005
4.579013686430396,mit ai class,A,Phrase match,27.933354515997543,-2.1501674309271954,37.77900061033005
4.579013686430396,mit ai class,USA,Phrase match,27.933354515997543,-2.1501674309271954,37.77900061033005
4.095256396210616,AI for engineers,USA,Exact match,70.78348340315955,-2.0695591094658314,79.25885858353544
4.095256396210616,AI for engineers,A,Exact match,70.78348340315955,-2.0695591094658314,79.25885858353544
4.095256396210616,AI for engineers,B,Exact match,70.78348340315955,-2.0695591094658314,79.25885858353544
4.0547093793618,mit ai certificate,USA,Exact match,10.210907613727088,-2.062802773106633,18.57497336561608
3.758379516228327,best place to study artificial intelligence,C,Exact match,46.33526136724451,-2.0134254234410727,53.902478236158785
3.6587876754761957,generative ai course mit,B,Exact match,-24.929986120753803,-1.9968304670859707,-17.62400741776428
3.6587876754761957,generative ai course mit,USA,Exact match,-24.929986120753803,-1.9968304670859707,-17.62400741776428
3.6587876754761957,generative ai course mit,A,Exact match,-24.929986120753803,-1.9968304670859707,-17.62400741776428
3.507447609887823,artificial intelligence bootcamp online,USA,Phrase match,37.31523337985269,-1.9716127206869245,44.230561704650476
3.507447609887823,artificial intelligence bootcamp online,A,Phrase match,37.31523337985269,-1.9716127206869245,44.230561704650476
3.4762943233293595,artificial intelligence online program,A,Phrase match,57.19300581462675,-1.9664216585782628,64.02886626361428
3.4762943233293595,artificial intelligence online program,USA,Phrase match,57.19300581462675,-1.9664216585782628,64.02886626361428
3.4762943233293595,artificial intelligence online program,B,Phrase match,57.19300581462675,-1.9664216585782628,64.02886626361428
3.088832808475429,graduate certificate artificial intelligence,USA,Phrase match,7.828101986071125,-1.9018590710954344,13.702626681967306
3.088832808475429,graduate certificate artificial intelligence,A,Phrase match,7.828101986071125,-1.9018590710954344,13.702626681967306
2.502055323893248,AI for engineers,B,Phrase match,55.174810816188526,-1.8040845276664328,59.68873011338976
2.502055323893248,AI for engineers,A,Phrase match,55.174810816188526,-1.8040845276664328,59.68873011338976
2.502055323893248,AI for engineers,USA,Phrase match,55.174810816188526,-1.8040845276664328,59.68873011338976
2.4386600805974403,artificial intelligence stanford online,A,Exact match,9.639024352023803,-1.7935209986689273,14.012812415190972
2.4386600805974403,artificial intelligence stanford online,B,Exact match,9.639024352023803,-1.7935209986689273,14.012812415190972
2.4386600805974403,artificial intelligence stanford online,USA,Exact match,9.639024352023803,-1.7935209986689273,14.012812415190972
2.1651784443489412,best place to study artificial intelligence,C,Phrase match,30.726588784564424,-1.747950841568693,34.51121426851055
2.0655866037601323,generative ai course mit,A,Phrase match,-40.538658701833825,-1.7313558851863768,-36.96239317905158
2.0655866037601323,generative ai course mit,USA,Phrase match,-40.538658701833825,-1.7313558851863768,-36.96239317905158
2.0655866037601323,generative ai course mit,B,Phrase match,-40.538658701833825,-1.7313558851863768,-36.96239317905158
1.8823680360812134,ai generated courses,USA,Exact match,17.038247095532682,-1.7008262341295541,20.239828033586537
1.8823680360812134,ai generated courses,B,Exact match,17.038247095532682,-1.7008262341295541,20.239828033586537
1.6549489391629069,mit generative ai course,USA,Exact match,-25.226517383511833,-1.6629314630364118,-22.474450722859103
1.6549489391629069,mit generative ai course,A,Exact match,-25.226517383511833,-1.6629314630364118,-22.474450722859103
1.6549489391629069,mit generative ai course,B,Exact match,-25.226517383511833,-1.6629314630364118,-22.474450722859103
1.5825000880407207,coursera generative ai,B,Exact match,-10.916242948387746,-1.6508593342219464,-8.303757906638669
1.5825000880407207,coursera generative ai,USA,Exact match,-10.916242948387746,-1.6508593342219464,-8.303757906638669
1.5825000880407207,coursera generative ai,A,Exact match,-10.916242948387746,-1.6508593342219464,-8.303757906638669
1.5356684292321365,generative ai certificate course,B,Exact match,0.7846039622867558,-1.6430557899373952,3.307792866360683
1.5356684292321365,generative ai certificate course,USA,Exact match,0.7846039622867558,-1.6430557899373952,3.307792866360683
1.5356684292321365,generative ai certificate course,A,Exact match,0.7846039622867558,-1.6430557899373952,3.307792866360683
1.4994577841476848,bootcamp ai,C,Exact match,-6.902090452880966,-1.6370220217596851,-4.447445039532225
1.3253020216813054,mit ai course,USA,Phrase match,-27.269894636171603,-1.6080025028679659,-25.13880566825209
1.3253020216813054,mit ai course,A,Phrase match,-27.269894636171603,-1.6080025028679659,-25.13880566825209
1.3253020216813054,mit ai course,B,Phrase match,-27.269894636171603,-1.6080025028679659,-25.13880566825209
0.8454590149896073,artificial intelligence stanford online,USA,Phrase match,-5.969648169213565,-1.528046415751521,-4.6777475516938845
0.8454590149896073,artificial intelligence stanford online,B,Phrase match,-5.969648169213565,-1.528046415751521,-4.6777475516938845
0.6566790232495509,ai for executives course,B,Exact match,10.834524691609815,-1.4965900653345277,11.817303993918674
0.6566790232495509,ai for executives course,A,Exact match,10.834524691609815,-1.4965900653345277,11.817303993918674
0.6566790232495509,ai for executives course,USA,Exact match,10.834524691609815,-1.4965900653345277,11.817303993918674
0.329258086470507,ai short course,B,Exact match,13.420139813122674,-1.4420320146690637,13.894940514901819
0.329258086470507,ai short course,USA,Exact match,13.420139813122674,-1.4420320146690637,13.894940514901819
0.2891669939052855,ai generated courses,A,Phrase match,1.4295748038588898,-1.4353516473076973,1.8446311249078562
0.2891669939052855,ai generated courses,B,Phrase match,1.4295748038588898,-1.4353516473076973,1.8446311249078562
0.28916699390528544,ai generated courses,USA,Phrase match,1.429574803858889,-1.4353516473076973,1.8446311249078553
0.17917569163760097,mit artificial intelligence course,B,Exact match,-38.38007849983369,-1.4170238243416815,-38.12618227604031
0.17917569163760097,mit artificial intelligence course,USA,Exact match,-38.38007849983369,-1.4170238243416815,-38.12618227604031
0.17917569163760097,mit artificial intelligence course,A,Exact match,-38.38007849983369,-1.4170238243416815,-38.12618227604031
0.16127095763476698,mit ai courses,USA,Exact match,-33.491528965310735,-1.4140403620261988,-33.263485321992555
0.06174803801361722,mit generative ai course,USA,Phrase match,-40.83518829354042,-1.3974568527153315,-40.74889807467656
0.06174803801361722,mit generative ai course,A,Phrase match,-40.83518829354042,-1.3974568527153315,-40.74889807467656
0.046303043547708714,mit xpro ai,USA,Phrase match,-47.27917492854684,-1.3948832369290403,-47.21458758928334
1.1751500273508413e-07,bootcamp ai,C,Phrase match,-21.592354088248936,-1.355927006482086,-21.59235392890717
7.650959687335757e-08,ai courses near me,B,Exact match,-21.772873902592792,-1.3395054396370376,-21.77287380010777
7.650959687335757e-08,ai courses near me,USA,Exact match,-21.772873902592792,-1.3395054396370376,-21.77287380010777
4.628573327362267e-08,course in generative ai,USA,Exact match,-29.16922351123767,-1.3086561242596035,-29.169223450665562
4.628573327362267e-08,course in generative ai,A,Exact match,-29.16922351123767,-1.3086561242596035,-29.169223450665562
4.628573327362267e-08,course in generative ai,B,Exact match,-29.16922351123767,-1.3086561242596035,-29.169223450665562
4.502514524491496e-08,ai strategy course,B,Exact match,11.334526906135281,-1.3064674257778963,11.334526964959167
4.502514524491496e-08,ai strategy course,A,Exact match,11.334526906135281,-1.3064674257778963,11.334526964959167
4.502514524491496e-08,ai strategy course,USA,Exact match,11.334526906135281,-1.3064674257778963,11.334526964959167
2.983527773110852e-08,ai executive education,A,Exact match,18.991316741483406,-1.2655301683410567,18.99131677924085
2.983527773110852e-08,ai executive education,B,Exact match,18.991316741483406,-1.2655301683410567,18.99131677924085
2.983527773110852e-08,ai executive education,USA,Exact match,18.991316741483406,-1.2655301683410567,18.99131677924085
2.212056568026288e-08,mit ai class,C,Exact match,-16.927477113697222,-1.2231891475900762,-16.927477086639588
1.651480427543001e-08,course generator ai,A,Exact match,24.073740415951338,-1.1675952141804506,24.073740435233944
1.651480427543001e-08,course generator ai,B,Exact match,24.073740415951338,-1.1675952141804506,24.073740435233944
1.592322434486512e-08,course generative ai,B,Exact match,-22.17603796935321,-1.159444338245158,-22.176037950891118
1.592322434486512e-08,course generative ai,USA,Exact match,-22.17603796935321,-1.159444338245158,-22.176037950891118
1.592322434486512e-08,course generative ai,A,Exact match,-22.17603796935321,-1.159444338245158,-22.176037950891118
1.2531105180405265e-08,executive education ai,A,Exact match,34.62121993276666,-1.097846351439358,34.62121994652389
1.2531105180405265e-08,executive education ai,USA,Exact match,34.62121993276666,-1.097846351439358,34.62121994652389
1.2531105180405265e-08,executive education ai,B,Exact match,34.62121993276666,-1.097846351439358,34.62121994652389
1.1615888447066379e-08,ai for executives course,B,Phrase match,4.401006747502016,-1.0750631143798777,4.401006759989829
1.1615888447066379e-08,ai for executives course,USA,Phrase match,4.401006747502016,-1.0750631143798777,4.401006759989829
1.1615888447066379e-08,ai for executives course,A,Phrase match,4.401006747502016,-1.0750631143798777,4.401006759989829
9.462690658277528e-09,best ai classes online,B,Exact match,12.86359639464768,-1.0040789291355978,12.863596404148968
9.462690658277528e-09,best ai classes online,A,Exact match,12.86359639464768,-1.0040789291355978,12.863596404148968
9.462690658277528e-09,best ai classes online,USA,Exact match,12.86359639464768,-1.0040789291355978,12.863596404148968
8.605772819883302e-09,ai short course,A,Phrase match,10.194381543621398,-0.9659470190396686,10.19438155193412
8.605772819883302e-09,ai short course,B,Phrase match,10.194381543621398,-0.9659470190396686,10.19438155193412
8.605772819883302e-09,ai short course,USA,Phrase match,10.194381543621398,-0.9659470190396686,10.19438155193412
7.692104744591823e-09,MIT artificial intelligence course,B,Phrase match,-40.13547186156672,-0.9159306477811391,-40.135471854521285
7.692104744591823e-09,mit artificial intelligence course,A,Phrase match,-40.13547186156672,-0.9159306477811391,-40.135471854521285
7.692104744591823e-09,MIT artificial intelligence course,USA,Phrase match,-40.13547186156672,-0.9159306477811391,-40.135471854521285
7.692104744591823e-09,mit artificial intelligence course,B,Phrase match,-40.13547186156672,-0.9159306477811391,-40.135471854521285
7.692104744591823e-09,mit artificial intelligence course,USA,Phrase match,-40.13547186156672,-0.9159306477811391,-40.135471854521285
7.692104744591823e-09,MIT artificial intelligence course,A,Phrase match,-40.13547186156672,-0.9159306477811391,-40.135471854521285
7.309575322429574e-09,AI for business,A,Exact match,86.50767609784117,-0.8912765165340695,86.50767610435602
7.309575322429574e-09,AI for business,USA,Exact match,86.50767609784117,-0.8912765165340695,86.50767610435602
7.309575322429574e-09,AI for business,B,Exact match,86.50767609784117,-0.8912765165340695,86.50767610435602
6.956037708587081e-09,artificial intelligence bootcamp online,C,Exact match,2.952589391364974,-0.8660797298799918,2.952589397389457
6.82012051246109e-09,artificial intelligence online program,C,Exact match,23.135572170411752,-0.8556976056946276,23.135572176247713
6.264340573243177e-09,ai courses near me,USA,Phrase match,-21.77287459078917,-0.8085562883092209,-21.772874585724097
6.050709673229154e-09,ai certification mit,A,Exact match,-42.86555571985469,-0.7881318126944408,-42.86555571508593
6.050709673229154e-09,ai certification mit,USA,Exact match,-42.86555571985469,-0.7881318126944408,-42.86555571508593
6.050709673229154e-09,ai certification mit,B,Exact match,-42.86555571985469,-0.7881318126944408,-42.86555571508593
5.947190648390481e-09,course in generative ai,A,Phrase match,-29.169223906436443,-0.7777069679484407,-29.16922390181127
5.947190648390481e-09,course in generative ai,B,Phrase match,-29.169223906436443,-0.7777069679484407,-29.16922390181127
5.947190648390481e-09,course in generative ai,USA,Phrase match,-29.169223906436443,-0.7777069679484407,-29.16922390181127
5.925905196503037e-09,ai strategy course,A,Phrase match,11.334526523078022,-0.7755182692602289,11.33452652767367
5.925905196503037e-09,ai strategy course,USA,Phrase match,11.334526523078022,-0.7755182692602289,11.33452652767367
5.344929027585434e-09,generative ai online courses,B,Exact match,2.7209663889992184,-0.7090473338049162,2.720966392789026
5.344929027585434e-09,generative ai online courses,USA,Exact match,2.7209663889992184,-0.7090473338049162,2.720966392789026
5.344929027585434e-09,generative ai online courses,A,Exact match,2.7209663889992184,-0.7090473338049162,2.720966392789026
5.215635185816461e-09,mit ai class,C,Phrase match,-16.927477279315692,-0.692239987374178,-16.927477275705222
5.172336531276312e-09,artificial intelligence certification mit,USA,Exact match,-48.64370685390052,-0.6864236088300085,-48.64370685035011
5.172336531276312e-09,artificial intelligence certification mit,A,Exact match,-48.64370685390052,-0.6864236088300085,-48.64370685035011
5.172336531276312e-09,artificial intelligence certification mit,B,Exact match,-48.64370685390052,-0.6864236088300085,-48.64370685035011
5.1629364771300964e-09,ai for business leaders,A,Exact match,47.37530929397554,-0.6851479963770207,47.37530929751291
5.1629364771300964e-09,ai for business leaders,B,Exact match,47.37530929397554,-0.6851479963770207,47.37530929751291
4.9951254924420885e-09,courses about ai,A,Exact match,-20.416244292988402,-0.6615676874971906,-20.41624428968379
4.9951254924420885e-09,courses about ai,USA,Exact match,-20.416244292988402,-0.6615676874971906,-20.41624428968379
4.9951254924420885e-09,courses about ai,B,Exact match,-20.416244292988402,-0.6615676874971906,-20.41624428968379
4.829232348289404e-09,course generator ai,A,Phrase match,24.073740301467193,-0.6366460530948526,24.073740304541705
4.829232348289404e-09,course generator ai,B,Phrase match,24.073740301467193,-0.6366460530948526,24.073740304541705
4.777340841149198e-09,course generative ai,B,Phrase match,-22.176038078550004,-0.6284951770696319,-22.176038075547467
4.777340841149198e-09,course generative ai,A,Phrase match,-22.176038078550004,-0.6284951770696319,-22.176038075547467
4.777340841149198e-09,course generative ai,USA,Phrase match,-22.176038078550004,-0.6284951770696319,-22.176038075547467
4.718823354010509e-09,best courses on artificial intelligence,A,Exact match,1.6144058878720393,-0.6190884804674218,1.6144058907934085
4.718823354010509e-09,best courses on artificial intelligence,B,Exact match,1.6144058878720393,-0.6190884804674218,1.6144058907934085
4.718823354010509e-09,best courses on artificial intelligence,USA,Exact match,1.6144058878720393,-0.6190884804674218,1.6144058907934085
4.671486954106798e-09,courses in generative ai,USA,Exact match,-37.4464662575982,-0.6113066615170455,-37.44646625474249
4.671486954106798e-09,courses in generative ai,A,Exact match,-37.4464662575982,-0.6113066615170455,-37.44646625474249
4.671486954106798e-09,courses in generative ai,B,Exact match,-37.4464662575982,-0.6113066615170455,-37.44646625474249
4.5976931249005376e-09,generative ai courses online,USA,Exact match,12.135118366596815,-0.5988558437292947,12.13511836935017
4.5976931249005376e-09,generative ai courses online,A,Exact match,12.135118366596815,-0.5988558437292947,12.13511836935017
4.5976931249005376e-09,generative ai courses online,B,Exact match,12.135118366596815,-0.5988558437292947,12.13511836935017
4.4185364693414514e-09,executive education ai,B,Phrase match,34.62121985328741,-0.5668971897583917,34.62121985579226
4.4185364693414514e-09,executive education ai,USA,Phrase match,34.62121985328741,-0.5668971897583917,34.62121985579226
4.4185364693414514e-09,executive education ai,A,Phrase match,34.62121985328741,-0.5668971897583917,34.62121985579226
4.279269136528401e-09,ai course for business leaders,B,Exact match,-13.29068917260185,-0.5402055595098364,-13.290689170290165
3.965199644074592e-09,best ai classes online,A,Phrase match,12.86359634078848,-0.47312976701888176,12.863596342664534
3.965199644074592e-09,best ai classes online,USA,Phrase match,12.86359634078848,-0.47312976701888176,12.863596342664534
3.683250343265635e-09,best ai ml courses for working professionals,B,Exact match,-47.054791872363985,-0.40316970721399514,-47.05479187087901
3.683250343265635e-09,best ai ml courses for working professionals,USA,Exact match,-47.054791872363985,-0.40316970721399514,-47.05479187087901
3.6408969860963475e-09,udacity ai course,B,Exact match,-9.457473116123653,-0.39172448674313987,-9.457473114697425
3.6408969860963475e-09,udacity ai course,A,Exact match,-9.457473116123653,-0.39172448674313987,-9.457473114697425
3.6408969860963475e-09,udacity ai course,USA,Exact match,-9.457473116123653,-0.39172448674313987,-9.457473114697425
3.6185082176164386e-09,generative ai course mit,C,Exact match,-60.775316523529526,-0.38556606015846845,-60.775316522134354
3.5295591685861e-09,AI for business,A,Phrase match,86.50767606080815,-0.3603273541311711,86.50767606207995
3.5295591685861e-09,AI for business,B,Phrase match,86.50767606080815,-0.3603273541311711,86.50767606207995
3.5295591685861e-09,AI for business,USA,Phrase match,86.50767606080815,-0.3603273541311711,86.50767606207995
3.4113469673052873e-09,artificial intelligence online program,C,Phrase match,23.135572137015824,-0.3247484432298692,23.135572138123653
3.375188941762342e-09,best course on artificial intelligence,B,Exact match,7.322758022152402,-0.3133680668138131,7.322758023210079
3.375188941762342e-09,best course on artificial intelligence,USA,Exact match,7.322758022152402,-0.3133680668138131,7.322758023210079
3.375188941762342e-09,best course on artificial intelligence,A,Exact match,7.322758022152402,-0.3133680668138131,7.322758023210079
3.3644975361412623e-09,course on generative ai,USA,Exact match,-16.50817206275837,-0.30995619967566407,-16.508172061715523
3.3644975361412623e-09,course on generative ai,A,Exact match,-16.50817206275837,-0.30995619967566407,-16.508172061715523
3.3644975361412623e-09,course on generative ai,B,Exact match,-16.50817206275837,-0.30995619967566407,-16.508172061715523
3.2659160794023613e-09,stanford ai certificate,USA,Exact match,-24.00065605856511,-0.2774439704578095,-24.000656057659
3.217806758317397e-09,prompt engineering course,USA,Exact match,-13.52755818552548,-0.2608541782609018,-13.527558184686102
3.217806758317397e-09,prompt engineering course,B,Exact match,-13.52755818552548,-0.2608541782609018,-13.527558184686102
3.217806758317397e-09,prompt engineering course,A,Exact match,-13.52755818552548,-0.2608541782609018,-13.527558184686102
3.2073504648604786e-09,ai certification mit,USA,Phrase match,-42.86555574771122,-0.25718265013546754,-42.86555574688634
3.2073504648604786e-09,ai certification mit,A,Phrase match,-42.86555574771122,-0.25718265013546754,-42.86555574688634
3.1444524134261573e-09,ai related certifications,B,Exact match,-9.672655150725376,-0.2345818774281455,-9.672655149987744
3.1444524134261573e-09,ai related certifications,USA,Exact match,-9.672655150725376,-0.2345818774281455,-9.672655149987744
3.1444524134261573e-09,ai related certifications,A,Exact match,-9.672655150725376,-0.2345818774281455,-9.672655149987744
3.0657637228546578e-09,certification for artificial intelligence,USA,Exact match,7.877789464256701,-0.20500136504516378,7.877789464885186
3.0657637228546578e-09,certification for artificial intelligence,A,Exact match,7.877789464256701,-0.20500136504516378,7.877789464885186
3.0657637228546578e-09,certification for artificial intelligence,B,Exact match,7.877789464256701,-0.20500136504516378,7.877789464885186
3.048209621394255e-09,course on machine learning and artificial intelligence,B,Exact match,8.797645419500066,-0.19819412234135086,8.797645420104203
3.048209621394255e-09,course on machine learning and artificial intelligence,A,Exact match,8.797645419500066,-0.19819412234135086,8.797645420104203
3.048209621341421e-09,course on machine learning and artificial intelligence,USA,Exact match,8.797645419500066,-0.19819412234135086,8.797645420104203
3.0416323010687524e-09,graduate certificate artificial intelligence,C,Phrase match,-22.433351369458183,-0.19562326845721048,-22.433351368863168
3.030494698589351e-09,ai courses for executives,USA,Exact match,4.596602557397344,-0.19124455106846885,4.59660255797691
3.030494698589351e-09,ai courses for executives,B,Exact match,4.596602557397344,-0.19124455106846885,4.59660255797691
3.030494698589351e-09,ai courses for executives,A,Exact match,4.596602557397344,-0.19124455106846885,4.59660255797691
2.997540793354812e-09,generative ai online courses,USA,Phrase match,2.7209663660017354,-0.1780981711632996,2.720966366535592
2.9583959529169056e-09,generative ai online course,USA,Exact match,9.730520431459233,-0.16210145978461576,9.730520431938793
2.9583959529169056e-09,generative ai online course,A,Exact match,9.730520431459233,-0.16210145978461576,9.730520431938793
2.9583959529169056e-09,generative ai online course,B,Exact match,9.730520431459233,-0.16210145978461576,9.730520431938793
2.930180884086038e-09,MIT xPRO AI course,A,Exact match,-45.44196857156787,-0.15030621452003823,-45.44196857112745
2.930180884086038e-09,MIT xPRO AI course,USA,Exact match,-45.44196857156787,-0.15030621452003823,-45.44196857112745
2.9098209735259357e-09,google generative ai course,USA,Exact match,43.654527386562116,-0.14165267108493226,43.6545273869743
2.9098209735259357e-09,google generative ai course,B,Exact match,43.654527386562116,-0.14165267108493226,43.6545273869743
2.9098209735259357e-09,google generative ai course,A,Exact match,43.654527386562116,-0.14165267108493226,43.6545273869743
2.8842667413834277e-09,courses about ai,A,Phrase match,-20.416244313668596,-0.13061852481616118,-20.416244313291855
2.8842667413834277e-09,courses about ai,B,Phrase match,-20.416244313668596,-0.13061852481616118,-20.416244313291855
2.8842667413834277e-09,courses about ai,USA,Phrase match,-20.416244313668596,-0.13061852481616118,-20.416244313291855
2.863384558176773e-09,generative ai course online,A,Exact match,17.506455004474674,-0.12145552001435816,17.50645500482245
2.863384558176773e-09,generative ai course online,B,Exact match,17.506455004474674,-0.12145552001435816,17.50645500482245
2.863384558176773e-09,generative ai course online,USA,Exact match,17.506455004474674,-0.12145552001435816,17.50645500482245
2.7899411856291612e-09,best courses on artificial intelligence,B,Phrase match,1.6144058689746819,-0.08813931775606966,1.6144058692205854
2.7899411856291612e-09,best courses on artificial intelligence,USA,Phrase match,1.6144058689746819,-0.08813931775606966,1.6144058692205854
2.7899411856291612e-09,best courses on artificial intelligence,A,Phrase match,1.6144058689746819,-0.08813931775606966,1.6144058692205854
2.779269446253403e-09,best course for artificial intelligence,USA,Exact match,4.7613937603197565,-0.08315177762086218,4.761393760550858
2.779269446253403e-09,best course for artificial intelligence,B,Exact match,4.7613937603197565,-0.08315177762086218,4.761393760550858
2.779269446253403e-09,best course for artificial intelligence,A,Exact match,4.7613937603197565,-0.08315177762086218,4.761393760550858
2.7733262223903126e-09,courses in generative ai,USA,Phrase match,-37.44646627619458,-0.08035749880057422,-37.44646627597172
2.7733262223903126e-09,courses in generative ai,A,Phrase match,-37.44646627619458,-0.08035749880057422,-37.44646627597172
2.7733262223903126e-09,courses in generative ai,B,Phrase match,-37.44646627619458,-0.08035749880057422,-37.44646627597172
2.753340554976345e-09,ai prompt engineering course,USA,Exact match,12.033181193869595,-0.07087254083118003,12.033181194064731
2.753340554976345e-09,ai prompt engineering course,A,Exact match,12.033181193869595,-0.07087254083118003,12.033181194064731
2.753340554976345e-09,ai prompt engineering course,B,Exact match,12.033181193869595,-0.07087254083118003,12.033181194064731
2.747150197613931e-09,generative ai courses online,USA,Phrase match,12.135118348466952,-0.0679066810048889,12.135118348653501
2.747150197613931e-09,generative ai courses online,A,Phrase match,12.135118348466952,-0.0679066810048889,12.135118348653501
2.747150197613931e-09,generative ai courses online,B,Phrase match,12.135118348466952,-0.0679066810048889,12.135118348653501
2.6184253911464318e-09,ai for managers course,B,Exact match,17.555704553321302,-0.0030555427946030167,17.555704553329303
2.6184253911464318e-09,ai for managers course,A,Exact match,17.555704553321302,-0.0030555427946030167,17.555704553329303
2.6184253911464318e-09,ai for managers course,USA,Exact match,17.555704553321302,-0.0030555427946030167,17.555704553329303
2.6127970242706205e-09,AI for engineers,C,Phrase match,30.662046556276202,-7.41819467155934e-05,30.662046556276398
2.5905341950922583e-09,artificial intelligence certification,A,Exact match,1.8863519449066548,0.011845464357906402,1.8863519448759687
2.5905341950922583e-09,artificial intelligence certification,B,Exact match,1.8863519449066548,0.011845464357906402,1.8863519448759687
2.5905341950922583e-09,artificial intelligence certification,USA,Exact match,1.8863519449066548,0.011845464357906402,1.8863519448759687
2.5735951533086956e-09,artificial intelligence stanford online,C,Exact match,-14.252653459506668,0.02105287600401554,-14.25265345956085
2.5658916064694753e-09,generative ai courses,A,Exact match,7.588813150903143,0.02528043649504467,7.588813150838276
2.5658916064694753e-09,generative ai courses,USA,Exact match,7.588813150903143,0.02528043649504467,7.588813150838276
2.5658916064694753e-09,generative ai courses,B,Exact match,7.588813150903143,0.02528043649504467,7.588813150838276
2.4177124827672254e-09,harvard ai certificate,USA,Exact match,-28.569933490168722,0.11184143938430016,-28.569933490439123
2.397971844384745e-09,python and ai course,A,Exact match,-33.431978081900475,0.12418074602857344,-33.431978082198256
2.397971844384745e-09,python and ai course,B,Exact match,-33.431978081900475,0.12418074602857344,-33.431978082198256
2.397971844384745e-09,python and ai course,USA,Exact match,-33.431978081900475,0.12418074602857344,-33.431978082198256
2.3951781970978962e-09,courses on generative ai,USA,Exact match,-21.023270019089555,0.12594340136284923,-21.023270019391212
2.3951781970978962e-09,courses on generative ai,B,Exact match,-21.023270019089555,0.12594340136284923,-21.023270019391212
2.3951781970978962e-09,courses on generative ai,A,Exact match,-21.023270019089555,0.12594340136284923,-21.023270019391212
2.3647943650924047e-09,generative ai course mit,C,Phrase match,-60.77531653581222,0.14538310266538682,-60.775316536156026
2.2741811556995905e-09,ai generated courses,C,Exact match,-1.4034090383903706,0.20644240459291416,-1.403409038859858
2.2583948053574896e-09,best course on artificial intelligence,B,Phrase match,7.322758011211112,0.21758109603285714,7.3227580107197285
2.2583948053574896e-09,best course on artificial intelligence,USA,Phrase match,7.322758011211112,0.21758109603285714,7.3227580107197285
2.2583948053574896e-09,best course on artificial intelligence,A,Phrase match,7.322758011211112,0.21758109603285714,7.3227580107197285
2.253603097122946e-09,course on generative ai,USA,Phrase match,-16.50817207364186,0.2209929631719891,-16.50817207413989
2.253603097122946e-09,course on generative ai,B,Phrase match,-16.50817207364186,0.2209929631719891,-16.50817207413989
2.253603097122946e-09,course on generative ai,A,Phrase match,-16.50817207364186,0.2209929631719891,-16.50817207413989
2.2432922087451316e-09,ai certification classes,USA,Exact match,-11.319912838336357,0.22838411969363653,-11.319912838848689
2.2432922087451316e-09,ai certification classes,B,Exact match,-11.319912838336357,0.22838411969363653,-11.319912838848689
2.1868283147815602e-09,prompt engineering course,USA,Phrase match,-13.527558195626028,0.27009498460006776,-13.52755819621668
2.1868283147815602e-09,prompt engineering course,B,Phrase match,-13.527558195626028,0.27009498460006776,-13.52755819621668
2.1868283147815602e-09,prompt engineering course,A,Phrase match,-13.527558195626028,0.27009498460006776,-13.52755819621668
2.170928416158646e-09,mit generative ai course,C,Exact match,-41.440136966437805,0.2822319464971446,-41.44013696705051
2.1526998076918398e-09,ai related certifications,A,Phrase match,-9.672655160441627,0.29636728543936025,-9.672655161079616
2.1526998076918398e-09,ai related certifications,B,Phrase match,-9.672655160441627,0.29636728543936025,-9.672655161079616
2.1526998076918398e-09,ai related certifications,USA,Phrase match,-9.672655160441627,0.29636728543936025,-9.672655161079616
2.1155267053717872e-09,certification for artificial intelligence,USA,Phrase match,7.877789454947179,0.3259477978292597,7.877789454257628
2.1155267053717872e-09,certification for artificial intelligence,A,Phrase match,7.877789454947179,0.3259477978292597,7.877789454257628
2.1155267053717872e-09,certification for artificial intelligence,B,Phrase match,7.877789454947179,0.3259477978292597,7.877789454257628
2.1071532210271126e-09,course on machine learning and artificial intelligence,B,Phrase match,8.797645410280488,0.33275504053460236,8.797645409579323
2.1071532210271126e-09,course on machine learning and artificial intelligence,USA,Phrase match,8.797645410280488,0.33275504053460236,8.797645409579323
2.1071532210271126e-09,course on machine learning and artificial intelligence,A,Phrase match,8.797645410280488,0.33275504053460236,8.797645409579323
2.098672646350777e-09,ai courses for executives,B,Phrase match,4.596602548268236,0.3397046118090231,4.596602547555308
2.098672646350777e-09,ai courses for executives,USA,Phrase match,4.596602548268236,0.3397046118090231,4.596602547555308
2.098672646350777e-09,ai courses for executives,A,Phrase match,4.596602548268236,0.3397046118090231,4.596602547555308
2.091396248204631e-09,best generative ai courses,B,Exact match,1.0572646283206457,0.3457124472506097,1.057264627597624
2.091396248204631e-09,best generative ai courses,A,Exact match,1.0572646283206457,0.3457124472506097,1.057264627597624
2.091396248204631e-09,best generative ai courses,USA,Exact match,1.0572646283206457,0.3457124472506097,1.057264627597624
2.0655845284433548e-09,generative ai course,A,Exact match,15.19789029951124,0.36736528295414733,15.197890298752416
2.0655845284433548e-09,generative ai course,USA,Exact match,15.19789029951124,0.36736528295414733,15.197890298752416
2.0655845284433548e-09,generative ai course,B,Exact match,15.19789029951124,0.36736528295414733,15.197890298752416
2.0638407962294593e-09,generative ai online course,USA,Phrase match,9.73052042269523,0.368847703099086,9.730520421933987
2.0638407962294593e-09,generative ai online course,A,Phrase match,9.73052042269523,0.368847703099086,9.730520421933987
2.0500694842914654e-09,MIT xPRO AI course,B,Phrase match,-45.44196858019037,0.38064294836607027,-45.441968580970716
2.0500694842914654e-09,MIT xPRO AI course,USA,Phrase match,-45.44196858019037,0.38064294836607027,-45.441968580970716
2.0400826421759545e-09,google generative ai course,A,Phrase match,43.654527378041244,0.3892964918029047,43.65452737724705
2.0400826421759545e-09,google generative ai course,B,Phrase match,43.654527378041244,0.3892964918029047,43.65452737724705
2.0400826421759545e-09,google generative ai course,USA,Phrase match,43.654527378041244,0.3892964918029047,43.65452737724705
2.0268999100383017e-09,diploma in artificial intelligence,A,Exact match,-17.1032515529166,0.4008497557085607,-17.10325155372908
2.0268999100383017e-09,diploma in artificial intelligence,USA,Exact match,-17.1032515529166,0.4008497557085607,-17.10325155372908
2.0268999100383017e-09,diploma in artificial intelligence,B,Exact match,-17.1032515529166,0.4008497557085607,-17.10325155372908
2.0171477240348046e-09,generative ai course online,USA,Phrase match,17.50645499618405,0.40949364287739487,17.50645499535804
1.99812850830294e-09,online artificial intelligence degree,USA,Exact match,7.319414370345458,0.4265941780632326,7.319414369493068
1.99812850830294e-09,online artificial intelligence degree,A,Exact match,7.319414370345458,0.4265941780632326,7.319414369493068
1.99812850830294e-09,online artificial intelligence degree,B,Exact match,7.319414370345458,0.4265941780632326,7.319414369493068
1.9831048884490256e-09,stanford online artificial intelligence course,B,Exact match,-8.3494826874274,0.4403341435672097,-8.349482688300629
1.9831048884490256e-09,stanford online artificial intelligence course,USA,Exact match,-8.3494826874274,0.4403341435672097,-8.349482688300629
1.9831048884490256e-09,stanford online artificial intelligence course,A,Exact match,-8.3494826874274,0.4403341435672097,-8.349482688300629
1.9750387008298675e-09,best course for artificial intelligence,USA,Phrase match,4.761393752440667,0.44779738527789026,4.76139375155625
1.9750387008298675e-09,best course for artificial intelligence,B,Phrase match,4.761393752440667,0.44779738527789026,4.76139375155625
1.9750387008298675e-09,best course for artificial intelligence,A,Phrase match,4.761393752440667,0.44779738527789026,4.76139375155625
1.8924294849178084e-09,ai for managers course,B,Phrase match,17.55570454620868,0.5278936201171857,17.55570454520968
1.8924294849178084e-09,ai for managers course,USA,Phrase match,17.55570454620868,0.5278936201171857,17.55570454520968
1.8924294849178084e-09,ai for managers course,A,Phrase match,17.55570454620868,0.5278936201171857,17.55570454520968
1.8855789846586213e-09,certification in machine learning and ai,A,Exact match,5.0629011642954085,0.5348507685955247,5.062901163286905
1.8855789846586213e-09,certification in machine learning and ai,USA,Exact match,5.0629011642954085,0.5348507685955247,5.062901163286905
1.8855789846586213e-09,certification in machine learning and ai,B,Exact match,5.0629011642954085,0.5348507685955247,5.062901163286905
1.8778176012703444e-09,artificial intelligence certification,A,Phrase match,1.8863519379241338,0.5427946272719077,1.8863519369048645
1.8778176012703444e-09,artificial intelligence certification,B,Phrase match,1.8863519379241338,0.5427946272719077,1.8863519369048645
1.8778176012703444e-09,artificial intelligence certification,USA,Phrase match,1.8863519379241338,0.5427946272719077,1.8863519369048645
1.8717786002798293e-09,generative ai crash course,B,Exact match,17.37139685577557,0.5490209183640042,17.37139685474792
1.8717786002798293e-09,generative ai crash course,A,Exact match,17.37139685577557,0.5490209183640042,17.37139685474792
1.8717786002798293e-09,generative ai crash course,USA,Exact match,17.37139685577557,0.5490209183640042,17.37139685474792
1.864835102357057e-09,generative ai courses,USA,Phrase match,7.588813144034857,0.556229599410989,7.588813142997581
1.864835102357057e-09,generative ai courses,B,Phrase match,7.588813144034857,0.556229599410989,7.588813142997581
1.864835102357057e-09,generative ai courses,A,Phrase match,7.588813144034857,0.556229599410989,7.588813142997581
1.810170280873818e-09,ai for executives course,C,Exact match,4.4010066514348924,0.6149147385113709,4.401006650321792
1.7962830969662068e-09,generative ai for business with msft azure openai program,USA,Exact match,50.589313126526626,0.6303920044809324,50.58931312539426
1.7745240716623968e-09,python and ai course,USA,Phrase match,-33.43197808800842,0.6551299089574497,-33.43197808917096
1.7745240716623968e-09,python and ai course,A,Phrase match,-33.43197808800842,0.6551299089574497,-33.43197808917096
1.7745240716623968e-09,python and ai course,B,Phrase match,-33.43197808800842,0.6551299089574497,-33.43197808917096
1.772993852875251e-09,courses on generative ai,USA,Phrase match,-21.023270025185127,0.656892564291936,-21.023270026349792
1.772993852875251e-09,courses on generative ai,A,Phrase match,-21.023270025185127,0.656892564291936,-21.023270026349792
1.772993852875251e-09,courses on generative ai,B,Phrase match,-21.023270025185127,0.656892564291936,-21.023270026349792
1.76153865394168e-09,ai for enterprise,B,Exact match,77.1625650623253,0.6701843780087138,77.16256506114475
1.76153865394168e-09,ai for enterprise,USA,Exact match,77.1625650623253,0.6701843780087138,77.16256506114475
1.741809775368519e-09,ai certification courses,B,Exact match,-3.6277017592716527,0.6934860998257868,-3.6277017604795736
1.741809775368519e-09,ai certification courses,A,Exact match,-3.6277017592716527,0.6934860998257868,-3.6277017604795736
1.741809775368519e-09,ai certification courses,USA,Exact match,-3.6277017592716527,0.6934860998257868,-3.6277017604795736
1.7101080275710827e-09,harvard ai course,B,Exact match,-24.286616341933907,0.7320550644504269,-24.286616343185802
1.7101080275710827e-09,harvard ai course,A,Exact match,-24.286616341933907,0.7320550644504269,-24.286616343185802
1.7101080275710827e-09,harvard ai course,USA,Exact match,-24.286616341933907,0.7320550644504269,-24.286616343185802
1.7058123171371642e-09,ai generated courses,C,Phrase match,-1.4034090439587092,0.7373915675309682,-1.4034090452165608
1.6883745297231705e-09,ai certification classes,A,Phrase match,-11.319912843772913,0.759333282633932,-11.319912845054953
1.6883745297231705e-09,ai certification classes,USA,Phrase match,-11.319912843772913,0.759333282633932,-11.319912845054953
1.676879203028775e-09,mit artificial intelligence course,C,Exact match,-40.13547192049819,0.774047205741718,-40.135471921796174
1.6406629928193606e-09,online generative AI course,B,Phrase match,23.73387329711122,0.8217517970607157,23.733873295763
1.6406629928193606e-09,online generative AI course,USA,Phrase match,23.73387329711122,0.8217517970607157,23.733873295763
1.6406629928193606e-09,online generative AI course,A,Phrase match,23.73387329711122,0.8217517970607157,23.733873295763
1.6008665118969295e-09,best generative ai courses,USA,Phrase match,1.0572646235149008,0.8766616102016341,1.0572646221114825
1.6008665118969295e-09,best generative ai courses,A,Phrase match,1.0572646235149008,0.8766616102016341,1.0572646221114825
1.6008665118969295e-09,best generative ai courses,B,Phrase match,1.0572646235149008,0.8766616102016341,1.0572646221114825
1.5897785936295597e-09,stanford ai course,USA,Exact match,-6.705836222653756,0.8924501879566082,-6.705836224072554
1.5897785936295597e-09,stanford ai course,A,Exact match,-6.705836222653756,0.8924501879566082,-6.705836224072554
1.5897785936295597e-09,stanford ai course,B,Exact match,-6.705836222653756,0.8924501879566082,-6.705836224072554
1.5859859274239678e-09,best generative ai course,B,Exact match,10.097462331869103,0.8979014430944375,10.097462330445044
1.5859859274239678e-09,best generative ai course,USA,Exact match,10.097462331869103,0.8979014430944375,10.097462330445044
1.5859859274239678e-09,best generative ai course,A,Exact match,10.097462331869103,0.8979014430944375,10.097462330445044
1.5859859274239678e-09,best generative AI course,USA,Exact match,10.097462331869103,0.8979014430944375,10.097462330445044
1.5859859274239678e-09,best generative AI course,A,Exact match,10.097462331869103,0.8979014430944375,10.097462330445044
1.585699049706294e-09,generative ai course,USA,Phrase match,15.197890294809778,0.8983144459069453,15.19789029338532
1.585699049706294e-09,generative ai course,B,Phrase match,15.197890294809778,0.8983144459069453,15.19789029338532
1.585699049706294e-09,generative ai course,A,Phrase match,15.197890294809778,0.8983144459069453,15.19789029338532
1.5778740608723492e-09,artificial intelligence specialist certification,B,Exact match,-6.199505212530154,0.9096485000949939,-6.199505213965464
1.5778740608723492e-09,artificial intelligence specialist certification,USA,Exact match,-6.199505212530154,0.9096485000949939,-6.199505213965464
1.5769379402608854e-09,generative ai training course,USA,Exact match,-0.006085565909092107,0.9110118007611884,-0.00608556734570118
1.57607443146256e-09,course in generative ai,C,Exact match,-29.16922394926049,0.9122708858483738,-29.1692239506983
1.5745754114212197e-09,ai strategy course,C,Exact match,11.33452648044782,0.9144595845398826,11.334526479007934
1.5724807194008878e-09,generative ai fundamentals course,A,Exact match,69.05006566058253,0.9175257277429241,69.05006565913975
1.5724807194008878e-09,generative ai fundamentals course,B,Exact match,69.05006566058253,0.9175257277429241,69.05006565913975
1.5724807194008878e-09,generative ai fundamentals course,USA,Exact match,69.05006566058253,0.9175257277429241,69.05006565913975
1.5628017015798853e-09,diploma in artificial intelligence,B,Phrase match,-17.10325155746339,0.9317989186639893,-17.10325155891961
1.5628017015798853e-09,diploma in artificial intelligence,A,Phrase match,-17.10325155746339,0.9317989186639893,-17.10325155891961
1.54564158711975e-09,online artificial intelligence degree,USA,Phrase match,7.3194143659124205,0.957543341020596,7.319414364432402
1.54564158711975e-09,online artificial intelligence degree,A,Phrase match,7.3194143659124205,0.957543341020596,7.319414364432402
1.54564158711975e-09,online artificial intelligence degree,B,Phrase match,7.3194143659124205,0.957543341020596,7.319414364432402
1.5366365126985863e-09,stanford online artificial intelligence course,USA,Phrase match,-8.349482691801473,0.971283306525576,-8.349482693293982
1.500796681014287e-09,what to study to become artificial intelligence engineer,A,Exact match,-15.152873294874922,1.0276024152892118,-15.152873296417145
1.500796681014287e-09,what to study to become artificial intelligence engineer,USA,Exact match,-15.152873294874922,1.0276024152892118,-15.152873296417145
1.500796681014287e-09,what to study to become artificial intelligence engineer,B,Exact match,-15.152873294874922,1.0276024152892118,-15.152873296417145
1.4849734961345382e-09,course generator ai,C,Exact match,24.073740268703318,1.053331800873067,24.073740267139147
1.4800301044650899e-09,course generative ai,C,Exact match,-22.176038110853924,1.0614826769061105,-22.17603811242495
1.477425443909573e-09,certification in machine learning and ai,B,Phrase match,5.062901160296708,1.0657999315602753,5.062901158722068
1.477425443909573e-09,certification in machine learning and ai,USA,Phrase match,5.062901160296708,1.0657999315602753,5.062901158722068
1.477425443909573e-09,certification in machine learning and ai,A,Phrase match,5.062901160296708,1.0657999315602753,5.062901158722068
1.4728607618775994e-09,learn how to program ai,A,Exact match,-2.7014000352382888,1.0734009532277105,-2.7014000368192588
1.4728607618775994e-09,learn how to program ai,B,Exact match,-2.7014000352382888,1.0734009532277105,-2.7014000368192588
1.4728607618775994e-09,learn how to program ai,USA,Exact match,-2.7014000352382888,1.0734009532277105,-2.7014000368192588
1.4649046284065862e-09,best ai certification,B,Exact match,18.009381241298517,1.0867647075257125,18.00938123970651
1.4649046284065862e-09,best ai certification,USA,Exact match,18.009381241298517,1.0867647075257125,18.00938123970651
1.4649046284048392e-09,best ai certification,A,Exact match,18.009381241298517,1.0867647075257125,18.00938123970651
1.453755344970042e-09,best ai learning course,B,Exact match,5.3344433521619825,1.105737559325554,5.334443350554511
1.453755344970042e-09,best ai learning course,A,Exact match,5.3344433521619825,1.105737559325554,5.334443350554511
1.453755344970042e-09,best ai learning course,USA,Exact match,5.3344433521619825,1.105737559325554,5.334443350554511
1.4437110049127978e-09,executive education ai,C,Exact match,34.62121982414289,1.1230806642710864,34.62121982252149
1.4422512280297707e-09,ai learning course,A,Exact match,27.388108295168422,1.1256206041464216,27.388108293544995
1.4422512280297707e-09,ai learning course,B,Exact match,27.388108295168422,1.1256206041464216,27.388108293544995
1.4422512280297707e-09,ai learning course,USA,Exact match,27.388108295168422,1.1256206041464216,27.388108293544995
1.4307248636737692e-09,ai for executives course,C,Phrase match,4.401006647717446,1.1458639014809053,4.40100664607803
1.429418639221606e-09,gen ai courses,USA,Broad match,48.28035250133077,1.1481793059525052,48.28035249968954
1.427883754384593e-09,top artificial intelligence certification,USA,Exact match,1.4119835897881345,1.1509042823099884,1.411983588144777
1.427883754384593e-09,top artificial intelligence certification,B,Exact match,1.4119835897881345,1.1509042823099884,1.411983588144777
1.427883754384593e-09,top artificial intelligence certification,A,Exact match,1.4119835897881345,1.1509042823099884,1.411983588144777
1.4001728703504817e-09,ai for enterprise,A,Phrase match,77.16256505878498,1.2011335409812607,77.16256505710318
1.4001728703504817e-09,ai for enterprise,USA,Phrase match,77.16256505878498,1.2011335409812607,77.16256505710318
1.4001728703504817e-09,ai for enterprise,B,Phrase match,77.16256505878498,1.2011335409812607,77.16256505710318
1.3917226253279637e-09,best ai classes online,C,Exact match,12.863596315575993,1.2168480870774727,12.863596313882478
1.3876792448025662e-09,ai certification courses,B,Phrase match,-3.6277017627410877,1.2244352627995394,-3.627701764440211
1.3876792448025662e-09,ai certification courses,USA,Phrase match,-3.6277017627410877,1.2244352627995394,-3.627701764440211
1.3876792448025662e-09,ai certification courses,A,Phrase match,-3.6277017627410877,1.2244352627995394,-3.627701764440211
1.385399784543383e-09,stanford generative ai course,USA,Exact match,-20.653388295951043,1.2287321298067269,-20.65338829765333
1.385399784543383e-09,stanford generative ai course,A,Exact match,-20.653388295951043,1.2287321298067269,-20.65338829765333
1.385399784543383e-09,stanford generative ai course,B,Exact match,-20.653388295951043,1.2287321298067269,-20.65338829765333
1.3758314387705784e-09,online ai and ml courses,B,Exact match,11.24436074032668,1.2469237006282736,11.244360738611123
1.3758314387705784e-09,online ai and ml courses,USA,Exact match,11.24436074032668,1.2469237006282736,11.244360738611123
1.3716363364970438e-09,ai short course,C,Phrase match,10.194381472748193,1.254979997312843,10.194381471026816
1.3461521804375125e-09,mit artificial intelligence course,C,Phrase match,-40.13547192373834,1.3049963687193704,-40.13547192549507
1.3398120972508342e-09,courses on artificial intelligence,B,Exact match,140.92414047292127,1.3177352957091881,140.92414047115574
1.3398120972508342e-09,courses on artificial intelligence,A,Exact match,140.92414047292127,1.3177352957091881,140.92414047115574
1.3398120972508342e-09,courses on artificial intelligence,USA,Exact match,140.92414047292127,1.3177352957091881,140.92414047115574
1.3339364072085847e-09,AI for business,C,Exact match,86.50767603929752,1.329650500028145,86.50767603752385
1.2869436757801124e-09,best generative ai course,USA,Phrase match,10.097462328939372,1.4288506060773696,10.097462327100521
1.2869436757801124e-09,best generative ai course,A,Phrase match,10.097462328939372,1.4288506060773696,10.097462327100521
1.2851434350532515e-09,ai certification mit,C,Exact match,-42.86555576654318,1.432795204069408,-42.86555576838453
1.2809800922125498e-09,generative ai training course,USA,Phrase match,-0.006085568808606318,1.4419609637446342,-0.006085570655729606
1.2809800922125498e-09,generative ai training course,B,Phrase match,-0.006085568808606318,1.4419609637446342,-0.006085570655729606
1.2809800922125498e-09,generative ai training course,A,Phrase match,-0.006085568808606318,1.4419609637446342,-0.006085570655729606
1.280409729028152e-09,course in generative ai,C,Phrase match,-29.169223952157132,1.4432200488318685,-29.169223954005044
1.2786306638658598e-09,generative ai course stanford,B,Exact match,-3.5378610556220607,1.4471581223267838,-3.5378610574724414
1.2786306638658598e-09,generative ai course stanford,USA,Exact match,-3.5378610556220607,1.4471581223267838,-3.5378610574724414
1.2786306638658598e-09,generative ai course stanford,A,Exact match,-3.5378610556220607,1.4471581223267838,-3.5378610574724414
1.2500845349784407e-09,generative ai online courses,C,Exact match,2.720966348881817,1.5118796830706944,2.7209663469918395
1.2430684491771268e-09,generative AI for business,B,Exact match,84.21974676964152,1.5282411966976817,84.21974676774181
1.2430684491771268e-09,generative AI for business,USA,Exact match,84.21974676964152,1.5282411966976817,84.21974676774181
1.2352616396058592e-09,MIT generative AI certificate,B,Broad match,12.252706410139503,1.5466666094192825,12.252706408228965
1.2352616396058592e-09,MIT generative AI certificate,USA,Broad match,12.252706410139503,1.5466666094192825,12.252706408228965
1.2302775003246974e-09,what to study to become artificial intelligence engineer,USA,Phrase match,-15.152873297525213,1.5585515782768964,-15.152873299442664
1.2299397381887194e-09,courses about ai,C,Exact match,-20.416244329876122,1.559359329433351,-20.41624433179404
1.2196238620517704e-09,course generator ai,C,Phrase match,24.073740266103673,1.584280963861613,24.073740264171445
1.2162876323990845e-09,course generative ai,C,Phrase match,-22.176038113437823,1.5924318398949244,-22.176038115374677
1.2135155909000318e-09,artificial intelligence for enterprise,B,Exact match,70.8214061201271,1.5992386910329492,70.82140611818639
1.211441698522338e-09,learn how to program ai,B,Phrase match,-2.701400037799425,1.6043501162169114,-2.7014000397430014
1.211441698522338e-09,learn how to program ai,USA,Phrase match,-2.701400037799425,1.6043501162169114,-2.7014000397430014
1.211441698522338e-09,learn how to program ai,A,Phrase match,-2.701400037799425,1.6043501162169114,-2.7014000397430014
1.2093113814315731e-09,courses in generative ai,C,Exact match,-37.44646629151731,1.6096203554639865,-37.44646629346384
1.2060538521686913e-09,best ai certification,B,Phrase match,18.009381238762543,1.6177138705153415,18.009381236811492
1.2060538521686913e-09,best ai certification,USA,Phrase match,18.009381238762543,1.6177138705153415,18.009381236811492
1.2060538521686913e-09,best ai certification,A,Phrase match,18.009381238762543,1.6177138705153415,18.009381236811492
1.205413318273271e-09,no code ai and machine learning building data science solutions,USA,Exact match,-7.599407942377362,1.6193104769699633,-7.5994079443293
1.205413318273271e-09,no code ai and machine learning building data science solutions,A,Exact match,-7.599407942377362,1.6193104769699633,-7.5994079443293
1.205413318273271e-09,no code ai and machine learning building data science solutions,B,Exact match,-7.599407942377362,1.6193104769699633,-7.5994079443293
1.2043073565019572e-09,generative ai courses online,C,Exact match,12.135118333351642,1.6220711732632,12.13511833139817
1.1984861490144545e-09,best ai learning course,USA,Phrase match,5.334443349661097,1.63668672231578,5.33444334769955
1.1984861490144545e-09,best ai learning course,A,Phrase match,5.334443349661097,1.63668672231578,5.33444334769955
1.1984861490144545e-09,best ai learning course,B,Phrase match,5.334443349661097,1.63668672231578,5.33444334769955
1.1916515688217526e-09,ai innovation course,B,Exact match,20.475499415665837,1.6540302859254028,20.47549941369481
1.1916515688217526e-09,ai innovation course,A,Exact match,20.475499415665837,1.6540302859254028,20.47549941369481
1.1916515688217526e-09,ai innovation course,USA,Exact match,20.475499415665837,1.6540302859254028,20.47549941369481
1.1916514216129983e-09,executive education ai,C,Phrase match,34.62121982167345,1.654029827261847,34.621219819702425
1.190657128237202e-09,ai learning course,USA,Phrase match,27.388108292703542,1.6565697671372597,27.388108290731136
1.190657128237202e-09,ai learning course,A,Phrase match,27.388108292703542,1.6565697671372597,27.388108290731136
1.190657128237202e-09,ai learning course,B,Phrase match,27.388108292703542,1.6565697671372597,27.388108290731136
1.1848014866008006e-09,stanford ai professional program,USA,Phrase match,7.205322919171522,1.6716130487225733,7.205322917190992
1.1617345347412123e-09,generative ai stanford course,B,Exact match,-0.21406471839337393,1.7323437756062001,-0.21406472040589752
1.1617345347412123e-09,generative ai stanford course,A,Exact match,-0.21406471839337393,1.7323437756062001,-0.21406472040589752
1.1617345347412123e-09,generative ai stanford course,USA,Exact match,-0.21406471839337393,1.7323437756062001,-0.21406472040589752
1.1516422511461103e-09,stanford generative ai course,USA,Phrase match,-20.65338829824118,1.7596812928005372,-20.653388300267704
1.1450227139015116e-09,online ai and ml courses,B,Phrase match,11.244360738065435,1.7778728636225751,11.24436073602973
1.1450227139015116e-09,online ai and ml courses,A,Phrase match,11.244360738065435,1.7778728636225751,11.24436073602973
1.1450227139015116e-09,online ai and ml courses,USA,Phrase match,11.244360738065435,1.7778728636225751,11.24436073602973
1.1450227139015116e-09,online AI and ML courses,USA,Phrase match,11.244360738065435,1.7778728636225751,11.24436073602973
1.1450227139015116e-09,online AI and ML courses,A,Phrase match,11.244360738065435,1.7778728636225751,11.24436073602973
1.1450227139015116e-09,online AI and ML courses,B,Phrase match,11.244360738065435,1.7778728636225751,11.24436073602973
1.1307725694397285e-09,best ai ml courses for working professionals,C,Exact match,-47.05479189737074,1.81775730991862,-47.05479189942621
1.1199651384169278e-09,courses on artificial intelligence,A,Phrase match,140.9241404707674,1.8486844587053162,140.92414046869695
1.1199651384169278e-09,courses on artificial intelligence,USA,Phrase match,140.9241404707674,1.8486844587053162,140.92414046869695
1.1199651384169278e-09,courses on artificial intelligence,B,Phrase match,140.9241404707674,1.8486844587053162,140.92414046869695
1.1195885743784418e-09,mit professional development,A,Broad match,-23.86795628911619,1.8497710436346495,-23.867956291187173
1.1195885743784418e-09,mit professional development,USA,Broad match,-23.86795628911619,1.8497710436346495,-23.867956291187173
1.1195885743784418e-09,mit professional development,B,Broad match,-23.86795628911619,1.8497710436346495,-23.867956291187173
1.1158561327509891e-09,AI for business,C,Phrase match,86.50767603716098,1.8605996630245676,86.50767603508481
1.1042067042293472e-09,mba in ai,B,Exact match,12.764464439391432,1.8948618885580797,12.764464437299113
1.1042067042293472e-09,mba in ai,USA,Exact match,12.764464439391432,1.8948618885580797,12.764464437299113
1.1042067042293472e-09,mba in ai,A,Exact match,12.764464439391432,1.8948618885580797,12.764464437299113
1.1022995602243536e-09,ai for product managers,USA,Exact match,58.382038070588024,1.9005393314205705,58.38203806849306
1.1022995602243536e-09,ai for product managers,A,Exact match,58.382038070588024,1.9005393314205705,58.38203806849306
1.1022995602243536e-09,ai for product managers,B,Exact match,58.382038070588024,1.9005393314205705,58.38203806849306
1.1017861507968886e-09,artificial intelligence master online,A,Exact match,19.507687297565713,1.9020720216676168,19.507687295470035
1.1017861507968886e-09,artificial intelligence master online,USA,Exact match,19.507687297565713,1.9020720216676168,19.507687295470035
1.1017861507968886e-09,artificial intelligence master online,B,Exact match,19.507687297565713,1.9020720216676168,19.507687295470035
1.09995109315639e-09,best course on artificial intelligence,C,Exact match,7.32275799986178,1.9075589503649981,7.322757997763559
1.098813222317891e-09,course on generative ai,C,Exact match,-16.508172084955394,1.9109708175047389,-16.508172087055193
1.0768916340130204e-09,generative ai course stanford,USA,Phrase match,-3.5378610575985086,1.9781072853259292,-3.5378610597287157
1.0768916340130204e-09,generative ai course stanford,A,Phrase match,-3.5378610575985086,1.9781072853259292,-3.5378610597287157
1.0742621140267393e-09,ai related certifications,C,Exact match,-9.672655171007136,1.9863451397848326,-9.672655173140992
1.0516655338416192e-09,generative ai online course,C,Exact match,9.730520412778898,2.0588255574556,9.730520410613702
1.0454617102989582e-09,google generative ai course,C,Exact match,43.6545273682969,2.0792743461623435,43.6545273661231
1.0448578286718185e-09,best course on generative ai,USA,Exact match,40.38274313040585,2.0812765137499887,40.38274312823121
1.0448578286718185e-09,best course on generative ai,B,Exact match,40.38274313040585,2.0812765137499887,40.38274312823121
1.0448578286718185e-09,best course on generative ai,A,Exact match,40.38274313040585,2.0812765137499887,40.38274312823121
1.0439144693526011e-09,artificial intelligence master's degree online,B,Exact match,-3.954055270335259,2.084410738533516,-3.9540552725112055
1.0439144693526011e-09,artificial intelligence master's degree online,USA,Exact match,-3.954055270335259,2.084410738533516,-3.9540552725112055
1.0421442291349423e-09,courses about ai,C,Phrase match,-20.416244331715962,2.09030849243482,-20.416244333894365
1.0396648409991744e-09,best prompting courses,B,Broad match,-15.515011162993774,2.098601094024485,-15.515011165175617
1.0394056550033257e-09,generative ai course online,C,Exact match,17.50645498660506,2.099471497239646,17.50645498442286
1.0303289406039642e-09,artificial intelligence for enterprise,USA,Phrase match,70.8214061183324,2.130187854035186,70.82140611613761
1.0303289406039642e-09,artificial intelligence for enterprise,A,Phrase match,70.8214061183324,2.130187854035186,70.82140611613761
1.0303289406039642e-09,artificial intelligence for enterprise,B,Phrase match,70.8214061183324,2.130187854035186,70.82140611613761
1.0295677525640187e-09,best courses on artificial intelligence,C,Phrase match,1.6144058517282132,2.1327876995085333,1.6144058495323637
1.0281104144133209e-09,best course for artificial intelligence,C,Exact match,4.761393743163562,2.137775239645276,4.761393740965693
1.0272969507803235e-09,courses in generative ai,C,Phrase match,-37.44646629330052,2.140569518466419,-37.44646629549952
1.0246517156592643e-09,generative ai course mit,A,Broad match,-21.249624448413623,2.1496755477541156,-21.24962445061629
1.0246517156592643e-09,generative ai course mit,USA,Broad match,-21.249624448413623,2.1496755477541156,-21.24962445061629
1.0246517156592643e-09,generative ai course mit,B,Broad match,-21.249624448413623,2.1496755477541156,-21.24962445061629
1.0236830545498198e-09,generative ai courses online,C,Phrase match,12.135118331582056,2.1530203362658638,12.135118329378045
1.0052678393527048e-09,ai for managers course,C,Exact match,17.555704537517116,2.2178714744945305,17.55570453528756
1.002268396173963e-09,mit generative ai,B,Broad match,14.635734335129854,2.2286582804524477,14.63573433289614
1.0011290050346066e-09,artificial intelligence certification,C,Exact match,1.8863519293351705,2.232772481650998,1.8863519270998772
9.974278817271184e-10,generative ai courses,C,Exact match,7.588813135536824,2.2462074537916252,7.5888131332963935
9.927592195836172e-10,generative ai stanford course,USA,Phrase match,-0.21406472004883376,2.263292938610805,-0.2140647222957387
9.927592195836172e-10,generative ai stanford course,A,Phrase match,-0.21406472004883376,2.263292938610805,-0.2140647222957387
9.717646425735615e-10,artificial intelligence training,B,Exact match,31.481033918549706,2.342156935668687,31.48103391627368
9.717646425735615e-10,artificial intelligence training,USA,Exact match,31.481033918549706,2.342156935668687,31.48103391627368
9.717646425735615e-10,artificial intelligence training,A,Exact match,31.481033918549706,2.342156935668687,31.48103391627368
9.705383917965663e-10,courses on generative ai,C,Exact match,-21.023270033046824,2.3468704186833955,-21.02327003532455
9.652504490073902e-10,ai transformation course,USA,Exact match,-6.017978220745951,2.367327233531796,-6.017978223031014
9.652504490073902e-10,ai transformation course,B,Exact match,-6.017978220745951,2.367327233531796,-6.017978223031014
9.578368899249636e-10,mit ai course,USA,Broad match,-0.7282543792911911,2.396382311398902,-0.7282543815865344
9.578368899249636e-10,mit ai course,A,Broad match,-0.7282543792911911,2.396382311398902,-0.7282543815865344
9.48650807684169e-10,artificial intelligence master online,A,Phrase match,19.507687296065438,2.433021184674861,19.50768729375735
9.48650807684169e-10,artificial intelligence master online,USA,Phrase match,19.507687296065438,2.433021184674861,19.50768729375735
9.48650807684169e-10,artificial intelligence master online,B,Phrase match,19.507687296065438,2.433021184674861,19.50768729375735
9.472900205258135e-10,best course on artificial intelligence,C,Phrase match,7.322757998366152,2.4385081133723214,7.322757996056177
9.464463405162616e-10,course on generative ai,C,Phrase match,-16.50817208644814,2.441919980512111,-16.508172088759288
9.446229033381305e-10,ai certification classes,C,Exact match,-11.319912851059486,2.4493111370351732,-11.319912853373161
9.396972656892678e-10,ai certificate programs,USA,Broad match,39.92856858116902,2.4694170608517294,39.92856857884851
9.281739918664879e-10,ai related certifications,C,Phrase match,-9.67265517243837,2.5172943027932515,-9.672655174774857
9.211955561340314e-10,certification for artificial intelligence,C,Phrase match,7.8777894432462565,2.546874815188182,7.877789440900087
9.196033485655061e-10,course on machine learning and artificial intelligence,C,Phrase match,8.797645398646,2.553682057894655,8.797645396297627
9.176877862910349e-10,designing and building ai products and services,USA,Exact match,22.69620256912567,2.561912068920902,22.696202566774634
9.176877862910349e-10,designing and building ai products and services,B,Exact match,22.69620256912567,2.561912068920902,22.696202566774634
9.176877862910349e-10,designing and building ai products and services,A,Exact match,22.69620256912567,2.561912068920902,22.696202566774634
9.165902754796942e-10,best generative ai courses,C,Exact match,1.0572646168110114,2.5666394646127855,1.0572646144584545
9.165098724753552e-10,applied gen ai for digital transformation mit,B,Broad match,25.25636735096446,2.5669885893905025,25.25636734861179
9.115981911813839e-10,generative ai course,C,Exact match,15.197890288205578,2.588292300319792,15.197890285846094
9.112572666653409e-10,generative ai online course,C,Phrase match,9.73052041140331,2.589774720464965,9.73052040904336
9.065958969154945e-10,google generative ai course,C,Phrase match,43.65452736693642,2.6102235091719654,43.65452736457
9.061420240757143e-10,best course on generative ai,USA,Phrase match,40.382743129046844,2.6122256767596355,40.3827431266798
9.054330434099385e-10,artificial intelligence master's degree online,B,Phrase match,-3.9540552716919684,2.6153599015432016,-3.9540552740600017
9.054330434099385e-10,artificial intelligence master's degree online,USA,Phrase match,-3.9540552716919684,2.6153599015432016,-3.9540552740600017
9.054330434099385e-10,artificial intelligence master's degree online,A,Phrase match,-3.9540552716919684,2.6153599015432016,-3.9540552740600017
9.039837789573565e-10,diploma in artificial intelligence,C,Exact match,-17.103251563917865,2.6217767730793833,-17.10325156628791
9.020379639855182e-10,generative ai course online,C,Phrase match,17.50645498525926,2.630420660249518,17.50645498288652
8.93903578142603e-10,mit applied generative ai,USA,Broad match,-3.011075302712958,2.6669796224029336,-3.011075305096981
8.935199748804178e-10,best course for artificial intelligence,C,Phrase match,4.761393741844972,2.6687244026556103,4.761393739460414
8.762149962954747e-10,ai for managers course,C,Phrase match,17.555704536252776,2.748820637505788,17.555704533844217
8.730698583275454e-10,artificial intelligence certification,C,Phrase match,1.8863519280805685,2.76372164466242,1.8863519256676464
8.702529850874672e-10,generative ai courses,C,Phrase match,7.588813134290885,2.777156616803196,7.588813131874057
8.699571015738981e-10,AI for product managers course,USA,Phrase match,18.779778565317113,2.77857381304219,18.77977856289987
8.699571015738981e-10,AI for product managers course,A,Phrase match,18.779778565317113,2.77857381304219,18.77977856289987
8.699571015738981e-10,AI for product managers course,B,Phrase match,18.779778565317113,2.77857381304219,18.77977856289987
8.619087344238958e-10,mit generative ai course,USA,Broad match,-1.9144448787342907,2.8174735546238203,-1.9144448811626957
8.619087344238958e-10,mit generative ai course,B,Broad match,-1.9144448787342907,2.8174735546238203,-1.9144448811626957
8.619087344238958e-10,mit generative ai course,A,Broad match,-1.9144448787342907,2.8174735546238203,-1.9144448811626957
8.60854582654572e-10,mit xpro ai,USA,Broad match,-8.207116111122481,2.8226207648602744,-8.207116113552347
8.60854582654572e-10,mit xpro ai,A,Broad match,-8.207116111122481,2.8226207648602744,-8.207116113552347
8.60854582654572e-10,mit xpro ai,B,Broad match,-8.207116111122481,2.8226207648602744,-8.207116113552347
8.538352517259357e-10,generative ai certificate course,USA,Broad match,25.265273738143367,2.8572249006502792,25.26527373570377
8.538352517259357e-10,generative ai certificate course,B,Broad match,25.265273738143367,2.8572249006502792,25.26527373570377
8.538352517259357e-10,generative ai certificate course,A,Broad match,25.265273738143367,2.8572249006502792,25.26527373570377
8.506523326885818e-10,artificial intelligence training,B,Phrase match,31.481033917363163,2.8731060986812675,31.48103391491915
8.506523326885818e-10,artificial intelligence training,USA,Phrase match,31.481033917363163,2.8731060986812675,31.48103391491915
8.506523326885818e-10,artificial intelligence training,A,Phrase match,31.481033917363163,2.8731060986812675,31.48103391491915
8.500641060578207e-10,python and ai course,C,Phrase match,-33.431978097065404,2.8760569263613407,-33.43197809951024
8.497123462054325e-10,courses on generative ai,C,Phrase match,-21.023270034230563,2.877819581696024,-21.023270036675882
8.424847599083135e-10,ai certification courses,C,Exact match,-3.6277017680823858,2.914413117233866,-3.6277017705377346
8.297815298966793e-10,ai certification classes,C,Phrase match,-11.319912852184594,2.9802603000487986,-11.31991285465756
8.241218801543279e-10,artificial intelligence workshop,USA,Exact match,48.057876002517496,3.0102523028699943,48.05787600003668
8.241218801543279e-10,artificial intelligence workshop,A,Exact match,48.057876002517496,3.0102523028699943,48.05787600003668
8.241218801543279e-10,artificial intelligence workshop,B,Exact match,48.057876002517496,3.0102523028699943,48.05787600003668
8.080733320965019e-10,best generative ai courses,C,Phrase match,1.0572646157478653,3.0975886276274642,1.0572646132447865
8.042642196721615e-10,best generative ai course,C,Exact match,10.097462324210536,3.118828460522113,10.097462321702174
8.041896058293396e-10,generative ai course,C,Phrase match,15.197890287153289,3.1192414633346566,15.197890284644828
8.021719883505157e-10,artificial intelligence specialist certification,C,Exact match,-6.199505220129747,3.1305755175236727,-6.199505222641006
8.019311133752779e-10,generative ai training course,C,Exact match,-0.006085573501873724,3.1319388181899828,-0.006085576013472908
7.982582924710413e-10,diploma in artificial intelligence,C,Phrase match,-17.103251564953663,3.1527259360945274,-17.103251567470352
7.943593722596966e-10,mit ai program,USA,Broad match,27.70836740612513,3.175010375921136,27.70836740360303
7.817616023965772e-10,what to study to become artificial intelligence engineer,C,Exact match,-15.152873301919346,3.2485294327273326,-15.152873304458922
7.74113060494541e-10,learn how to program ai,C,Exact match,-2.701400042083956,3.2943279706692117,-2.701400044634138
7.738738060324168e-10,ai certification cost,B,Exact match,10.013680058467505,3.2957766217361426,10.013680055916991
7.719096554515408e-10,best ai certification,C,Exact match,18.00938123450921,3.3076917249681723,18.00938123195597
7.706679645820196e-10,mit ai courses,A,Broad match,4.454183302654275,3.315255736307663,4.454183300099314
7.688021811547064e-10,best ai learning course,C,Exact match,5.3344433454514615,3.326664576769354,5.334443342893914
7.655738947251055e-10,ai learning course,C,Exact match,27.38810828853898,3.3465476215916006,27.38810828597695
7.535528875077524e-10,ai for enterprise,C,Phrase match,77.16256505245,3.422060558431448,77.1625650498713
7.499192633352781e-10,ai certification courses,C,Phrase match,-3.6277017689892546,3.445362280251203,-3.627701771572998
7.49252700119718e-10,stanford generative ai course,C,Exact match,-20.65338830218341,3.449659147258659,-20.653388304768075
7.464455517522443e-10,online ai and ml courses,C,Exact match,11.244360734160553,3.4678507180813325,11.244360731571991
7.357137470547156e-10,courses on artificial intelligence,C,Exact match,140.9241404670029,3.538662313166461,140.92414046439947
7.35636460960985e-10,best introduction to artificial intelligence,B,Exact match,-2.375987577376757,3.5391828940359713,-2.375987579980309
7.35636460960985e-10,best introduction to artificial intelligence,USA,Exact match,-2.375987577376757,3.5391828940359713,-2.375987579980309
7.35636460960985e-10,best introduction to artificial intelligence,A,Exact match,-2.375987577376757,3.5391828940359713,-2.375987579980309
7.353346621236765e-10,artificial intelligence workshop,USA,Phrase match,48.05787600164765,3.5412014658879607,48.05787599904368
7.353346621236765e-10,artificial intelligence workshop,B,Phrase match,48.05787600164765,3.5412014658879607,48.05787599904368
7.353346621236765e-10,artificial intelligence workshop,A,Phrase match,48.05787600164765,3.5412014658879607,48.05787599904368
7.194842275868508e-10,best generative ai course,C,Phrase match,10.097462323379942,3.6497776235407473,10.097462320753984
7.176166557962709e-10,generative ai training course,C,Phrase match,-0.0060855743279067875,3.6628879812086943,-0.006085576956456211
7.168787590584906e-10,generative ai course stanford,C,Exact match,-3.537861061125573,3.668085139791113,-3.537861063755145
6.952588358234225e-10,learn how to program ai,C,Phrase match,-2.701400042856495,3.8252771336888336,-2.7014000455160527
6.950662244018928e-10,ai certification cost,USA,Phrase match,10.013680057695424,3.826725784755772,10.013680055035596
6.934814115708634e-10,best ai certification,C,Phrase match,18.009381233740847,3.8386408879878653,18.00938123107882
6.926320984755146e-10,upskill in ai,USA,Exact match,50.880067117342904,3.8450483518451164,50.8800671146797
6.926320984727485e-10,upskill in ai,A,Exact match,50.880067117342904,3.8450483518451164,50.8800671146797
6.909728729218281e-10,best ai learning course,C,Phrase match,5.334443344688964,3.857613739789146,5.334443342023458
6.883626576465733e-10,ai learning course,C,Phrase match,27.388108287782536,3.877496784611496,27.38810828511341
6.785956153751162e-10,generative ai stanford course,C,Exact match,-0.21406472312671068,3.953270793083628,-0.2140647258093829
6.728586399504083e-10,online ai and ml courses,C,Phrase match,11.244360733439619,3.9987998811018324,11.244360730748992
6.664944185889449e-10,machine learning engineer training,A,Exact match,77.13974002353707,4.050225263910369,77.13974002083762
6.664944185889449e-10,machine learning engineer training,USA,Exact match,77.13974002353707,4.050225263910369,77.13974002083762
6.664944185889449e-10,machine learning engineer training,B,Exact match,77.13974002353707,4.050225263910369,77.13974002083762
6.641282347388359e-10,courses on artificial intelligence,C,Phrase match,140.92414046630157,4.069611476187294,140.92414046359883
6.64062797875468e-10,best introduction to artificial intelligence,B,Phrase match,-2.375987578077968,4.0701320570568065,-2.3759875807807913
6.64062797875468e-10,best introduction to artificial intelligence,USA,Phrase match,-2.375987578077968,4.0701320570568065,-2.3759875807807913
6.64062797875468e-10,best introduction to artificial intelligence,A,Phrase match,-2.375987578077968,4.0701320570568065,-2.3759875807807913
6.471668641601114e-10,ai class,USA,Broad match,211.868676057012,4.212622663734303,211.86867605428574
6.369752617777588e-10,best course on generative ai,C,Exact match,40.3827431264098,4.3022035312399565,40.3827431236694
6.366252035202894e-10,artificial intelligence master's degree online,C,Exact match,-3.954055274325493,4.305337756023582,-3.9540552770663795
6.3065424397979e-10,introduction to generative ai,B,Exact match,6.396946475085698,4.35922288148033,6.396946472336535
6.3065424397979e-10,introduction to generative ai,USA,Exact match,6.396946475085698,4.35922288148033,6.396946472336535
6.3065424397979e-10,introduction to generative ai,A,Exact match,6.396946475085698,4.35922288148033,6.396946472336535
6.272230199124256e-10,generative ai certification,USA,Broad match,49.59930212954179,4.390672816369139,49.59930212678786
6.195847000918434e-10,mitx,USA,Broad match,57.65969310782517,4.461896442551236,57.65969310506065
6.172282468219115e-10,generative ai stanford course,C,Phrase match,-0.21406472372792995,4.484219956106164,-0.21406472649571717
6.090492636057801e-10,artificial intelligence training,C,Exact match,31.481033914996164,4.56308395316618,31.481033912217022
6.072017055715245e-10,machine learning engineer training,USA,Phrase match,77.13974002295619,4.58117442693325,77.13974002017449
6.072017055715245e-10,machine learning engineer training,B,Phrase match,77.13974002295619,4.58117442693325,77.13974002017449
6.072017055715245e-10,machine learning engineer training,A,Phrase match,77.13974002295619,4.58117442693325,77.13974002017449
6.058936206245026e-10,generative ai online course,USA,Broad match,49.2562125089397,4.594067165726119,49.25621250615618
6.058936206245026e-10,generative ai online course,A,Broad match,49.2562125089397,4.594067165726119,49.25621250615618
6.058936206245026e-10,generative ai online course,B,Broad match,49.2562125089397,4.594067165726119,49.25621250615618
5.998886364251626e-10,artificial intelligence master online,C,Phrase match,19.507687292648598,4.65394820217468,19.507687289856747
5.994358801282192e-10,best ai courses,B,Broad match,41.61444354452631,4.658499825077047,41.61444354173384
5.975776001348974e-10,learn prompt engineering,B,Broad match,29.699918016463865,4.67731045156345,29.69991801366881
5.912556333737637e-10,mit xpro designing and building ai products and services,USA,Broad match,23.026719002853614,4.742129123941429,23.026719000049802
5.874875057711718e-10,generative ai courses,USA,Broad match,47.114505232048664,4.781449062068115,47.114505229239626
5.874875057711718e-10,generative ai courses,B,Broad match,47.114505232048664,4.781449062068115,47.114505229239626
5.874875057692593e-10,generative ai courses,A,Broad match,47.114505232048664,4.781449062068115,47.114505229239626
5.823113975283528e-10,artificial intelligence master's degree online,C,Phrase match,-3.9540552748576077,4.836286919047293,-3.9540552776738327
5.752533945679859e-10,learning chatgpt,USA,Broad match,6.2191581259182875,4.912629189103907,6.2191581230922806
5.605276539727632e-10,generative ai certificate course,C,Broad match,25.26527373526982,5.078151918159338,25.265273732423374
5.591532815476216e-10,artificial intelligence training,C,Phrase match,31.481033914507332,5.094033116190628,31.481033911658987
5.566204643410009e-10,generative ai course,USA,Broad match,54.72358238525589,5.12353390860544,54.723582382404025
5.566204643410009e-10,generative ai course,B,Broad match,54.72358238525589,5.12353390860544,54.723582382404025
5.566204643410009e-10,generative ai course,A,Broad match,54.72358238525589,5.12353390860544,54.723582382404025
5.565407841274253e-10,mit professional education applied generative ai for digital transformation,USA,Broad match,16.015430526666822,5.124452782772187,16.015430523814857
5.475654038011693e-10,artificial intelligence workshop,C,Exact match,48.05787599980806,5.2311793203818455,48.05787599694365
5.203563938170716e-10,online ai training courses,B,Broad match,53.86645023756789,5.577247826416627,53.866450234665734
5.132492963985824e-10,generative ai fundamentals course,USA,Broad match,108.57575775073323,5.6736943534691555,108.57575774782121
5.132492963985824e-10,generative ai fundamentals course,B,Broad match,108.57575775073323,5.6736943534691555,108.57575774782121
5.132492963985824e-10,generative ai fundamentals course,A,Broad match,108.57575775073323,5.6736943534691555,108.57575774782121
5.070426822747482e-10,best introduction to artificial intelligence,C,Exact match,-2.375987579616302,5.760109911555815,-2.3759875825369234
5.068993507261183e-10,artificial intelligence workshop,C,Phrase match,48.05787599940965,5.762128483407831,48.05787599648883
5.012356206121312e-10,best ai certification,USA,Broad match,57.53507333238545,5.842933333267868,57.535073329456765
4.975262928077854e-10,stanford ai professional program,USA,Broad match,46.731015012966296,5.8968325114780225,46.731015010032465
4.924830748197641e-10,designing ai products and services,B,Broad match,62.97658092480462,5.971432619848304,62.97658092186379
4.719814191988189e-10,best introduction to artificial intelligence,C,Phrase match,-2.375987579959799,6.2910590745827335,-2.375987582929062
4.563319492452242e-10,ai online courses,B,Broad match,214.87505571148998,6.554383731840469,214.875055708499
4.418309450861731e-10,generative ai online course,C,Broad match,49.256212507332364,6.814994183256714,49.25621250432129
3.9043854272311896e-10,generative ai fundamentals course,C,Broad match,108.57575774953006,7.894621371006625,108.57575774644769
3.8723681283267303e-10,google's introduction to generative ai,USA,Broad match,100.8798997570393,7.971346603118477,100.8798997539525
3.5232357890511366e-10,large language model course,USA,Exact match,82.64487800970804,8.898812726274562,82.64487800657278
3.5232357890511366e-10,large language model course,A,Exact match,82.64487800970804,8.898812726274562,82.64487800657278
3.5232357890511366e-10,large language model course,B,Exact match,82.64487800970804,8.898812726274562,82.64487800657278
1.5446939005957702e-10,mit,USA,Broad match,1593.2629651213185,22.073117794074946,1593.2629651179088
