Keyword,bert_0,bert_1,bert_2,bert_3,bert_4,bert_5,bert_6,bert_7,bert_8,bert_9,bert_10,bert_11,bert_12,bert_13,bert_14,bert_15,bert_16,bert_17,bert_18,bert_19,bert_20,bert_21,bert_22,bert_23,bert_24,bert_25,bert_26,bert_27,bert_28,bert_29,bert_30,bert_31,bert_32,bert_33,bert_34,bert_35,bert_36,bert_37,bert_38,bert_39,bert_40,bert_41,bert_42,bert_43,bert_44,bert_45,bert_46,bert_47,bert_48,bert_49
mit generative ai course,0.85551333,0.38495395,0.114370316,0.24114302,0.12961781,-0.043592703,-0.0246543,-0.057334144,0.000721093,0.015361953,-0.026804322,0.006604895,0.009944416,-0.04725105,-0.026384683,-0.06172096,0.022816619,0.0119989235,-0.016584825,0.0028316432,0.02570787,-0.03190204,0.026792753,0.008453613,0.049176324,0.030887108,0.040179726,-0.030942857,-0.005177699,0.019870063,-0.0088089295,-0.006768259,0.011182373,0.024248146,-0.03804283,0.025505306,-0.022076897,0.038281005,-0.018398823,0.022920853,0.007571501,0.0061582867,-0.019893467,-0.008043369,-0.00431432,-0.010718319,0.01156279,0.0038851453,0.04329752,-0.00021347255
certification for artificial intelligence,0.71190256,-0.47961476,0.09398863,0.15968935,-0.33719018,0.03374263,0.21932408,0.024827866,0.0072281617,-0.048150748,-0.08764317,0.072156586,0.051211473,-0.012161756,-0.06721381,-0.056950133,0.11050319,0.03676034,-0.043010876,0.012302386,-0.042999085,-0.0006493826,0.024185384,-0.051344715,0.043284636,0.030693185,0.04553233,-0.03620288,0.013987612,-0.03715107,0.003047075,0.039015178,-0.040214013,-0.0006840424,0.035089567,-0.019096632,-0.021842446,-0.006408527,-0.022134608,0.011986006,-0.0007668509,0.03577494,-0.002288602,0.02782037,-0.04079437,0.023762193,-0.014734156,-0.0055678496,0.019453578,0.016220761
best place to study artificial intelligence,0.6924651,-0.27316213,-0.20155928,-0.0037911988,0.04978856,0.097386345,0.18598321,-0.22057565,0.20886059,0.029847551,0.048359953,-0.015775807,-0.036991965,0.16709803,-0.016829014,0.050373167,-0.08123908,-0.0539031,-0.019814331,-0.017430224,0.08120649,0.11495837,0.026552413,-0.052585177,-0.10783949,0.0355669,0.11775559,-0.08876959,0.106486134,0.21730301,0.015131423,0.11693024,-0.09656649,-0.06753059,-0.05607928,0.055660676,-0.05236219,0.055304665,0.18558188,-0.0028419055,0.10215819,0.018912287,-0.09000309,-0.038469747,-0.019985294,0.05809953,0.014361126,0.017525913,0.0667333,0.02716156
generative ai training course,0.86185724,0.37635353,-0.07554427,0.07778948,-0.15098692,-0.120192416,0.0065074484,0.07978939,-0.01913648,0.019463532,0.046128053,0.106467925,-0.044432506,-0.0612419,0.02534995,-0.062301546,-0.038360566,0.015749995,-0.039454196,-0.023283489,0.068390556,-0.020996898,0.005266133,-0.025985012,0.0050539076,-0.049632475,-0.0025217494,0.051943228,0.02037472,0.07413358,-0.021803943,-0.026901627,-0.028852774,-0.003817815,0.045761667,0.005685654,0.047950793,-0.015775204,0.038762655,-0.016331466,0.014972886,0.016807232,0.031189745,-0.001364076,0.01597635,-0.037409574,0.040544253,0.012011923,0.005211072,-0.038830407
google generative ai course,0.86070025,0.3796288,-0.027550923,0.016856834,-0.021497386,0.021531422,0.003475617,0.018568994,0.0051910854,-0.07570011,-0.038478613,-0.025991803,-0.007532438,-0.0494683,0.00033093398,-0.0582003,0.009114913,-0.00038898241,-0.028420543,0.043996975,-0.061733287,0.0670749,0.05406101,0.11171009,-0.062131006,-0.0148769375,0.008589647,0.052702602,0.10320959,-0.031649098,0.026106728,-0.029916167,-0.016753515,-0.07334614,-0.08796679,-0.020218702,0.01939951,0.020793278,-0.0050935713,0.102762654,0.0029062028,-0.057477783,-0.008996926,0.08716915,-0.0601866,0.071493946,0.047083184,-0.017395135,0.03408744,0.06029669
mit artificial intelligence course,0.8419308,-0.17236824,-0.07355196,0.2546685,0.31473565,0.08907796,0.10329409,-0.10077131,0.085068695,0.021213526,-0.023328954,0.00078734575,-0.027088871,-0.0143625075,0.00848758,-0.1715549,0.016461112,-0.05417264,-0.031273656,-0.039715245,-0.0070391647,-0.029939018,0.03322541,0.027382731,0.053998403,0.016227826,0.016425975,0.0328844,0.050864555,0.0064242193,-0.021380685,-0.028410126,-0.03017051,0.025164017,-0.010508533,0.0022627611,0.03167247,-0.02560952,-0.02810804,-0.032759137,0.016220994,0.01566762,-0.0009496727,-0.017047899,-0.027211409,0.008061032,0.012141937,0.022221418,-0.001965428,-0.016357737
generative ai certificate course,0.8694754,0.10815519,0.005466189,0.2745146,-0.24094507,-0.12457369,-0.03622595,0.07200855,-0.021317791,-0.12631586,-0.04223481,-0.06621986,0.058396924,0.029086722,-0.0121425,-0.04133485,-0.09750126,-0.06422325,0.017105915,-0.02157046,0.055679463,-0.038471654,0.02909995,0.025419349,0.029670829,-0.01200958,-0.067900434,-0.0043177046,-0.00991194,-0.009913496,-0.051725447,-0.01789681,0.02558455,-0.023296202,-0.028366162,-0.020869862,-0.033545926,0.056651596,0.06429231,0.003591599,-0.0034335956,-0.039793953,-0.037690017,-0.053085763,0.012180479,0.022683533,-0.022371424,0.02645611,0.0070677875,-0.013814428
best courses on artificial intelligence,0.8161235,-0.16823164,-0.30595833,-0.04530546,0.00073525927,0.05076724,0.23088191,-0.2770537,0.17960793,0.038950823,-0.023239464,-0.009483592,0.001416546,0.13035385,-0.021956302,-0.03284859,-0.036773298,0.014806792,0.016312517,-0.014288516,0.009610324,-0.03740938,-0.01581979,-0.030080816,0.018074105,-0.05427362,-0.009887199,0.011809114,-0.008939918,-0.030783111,-0.040182844,-0.017648792,0.021570234,0.012453807,0.014692262,0.03770575,-0.044364907,0.018847613,-0.014108623,0.015424788,0.015513178,-0.00011681392,-0.031214314,-0.00090529025,0.020595076,0.010610491,-0.023613514,0.0006140095,-0.072917074,0.023981413
generative ai courses online,0.84093606,0.34223732,-0.25507107,0.045943715,-0.12714623,0.08992411,-0.21626812,0.072546974,0.059703916,0.009884248,0.046597168,0.017649423,0.0142519325,0.047044244,-0.04308417,-0.05062618,0.015107224,0.00892767,-0.043994226,-0.0026176334,0.016212694,-0.028673945,0.02095607,-0.002863535,-0.026613863,-0.03407995,-0.014131655,0.033476837,0.04648612,-0.0094420565,-0.019811759,0.05608881,0.0058165053,0.011212074,0.019654702,0.022730984,-0.015591426,0.009438737,0.006700541,-0.0028834948,0.033150963,-0.00066528853,0.030399308,0.010895454,-0.04504571,-0.00061518274,-0.0059467014,-0.009015028,-0.020520346,0.018472608
course in generative ai,0.85170037,0.444449,0.018867914,0.0576459,-0.0908443,-0.05192243,0.048196115,-0.09281278,-0.036246557,-0.0472179,0.0063327826,0.004938518,0.026834982,-0.12803727,-0.046042725,0.004600751,0.03354869,-0.0017017449,0.036321457,-0.020988265,0.025295671,-0.0033705072,-0.04605797,0.019713646,-0.0081437575,0.057639815,0.020523136,0.012953297,-0.050155666,0.014609748,-0.006466889,-0.012288257,-0.05399526,-0.04168473,0.024007965,0.01967555,-0.02644685,-0.01136726,-0.015894728,-0.044541918,-0.03380745,0.05740632,-0.03600399,0.015692342,-0.01419524,-0.025210252,-0.013912621,-0.000288237,-0.0012713592,-0.00036315963
generative ai stanford course,0.82479984,0.4687065,-0.012431186,0.0750058,0.00884854,0.041550938,0.079875655,0.03419121,-0.12866408,-0.12568872,-0.10231378,-0.050513633,-0.1322018,0.02431698,0.020067967,-0.0033512157,0.0183408,0.042177755,0.039962657,0.009983048,-0.005198318,-0.01937745,0.027339773,-0.073091686,0.0036155144,-0.036603507,0.00281168,0.015276427,0.00011718233,0.008866512,0.017410401,-0.022641718,0.01329623,0.039597698,-0.04834046,0.0006168616,-0.009038681,0.004250277,0.03070502,-0.011254609,-0.029396294,-0.0018378198,0.03681372,-0.0066275024,-0.0001130306,0.007703051,-0.010470432,-0.02221608,-0.0021564951,-0.0072597386
best ai certification,0.768152,-0.3540964,0.0700669,0.100639805,-0.3024796,-0.11213006,0.035550967,-0.051163193,-0.12446924,0.14287724,-0.030295217,0.112498485,0.052455436,0.20291074,-0.02597429,0.16754688,0.05077164,0.011622651,0.020085573,0.026484273,-0.08042023,0.056359172,0.09632402,-0.035256185,-0.013628077,-0.009602973,0.021934474,-0.046701476,-0.0038020513,0.012321509,0.05469292,-0.005070378,0.026050588,-0.036537275,0.026270762,0.023378571,0.02911228,0.007863221,-0.037628062,-0.0014255578,-0.01733509,0.027581805,0.0074094264,0.027284676,0.04019161,-0.0019981412,-0.0020752084,-0.00020236822,0.004537023,-0.015234226
best introduction to artificial intelligence,0.7032311,0.008443703,-0.038248993,-0.18378404,0.041844565,0.15069562,0.4079536,-0.20090137,0.14734255,-0.00023363589,-0.07062903,-0.07602039,0.09151464,0.15114988,0.06469925,0.11577638,-0.12156015,-0.0031077743,-0.18860982,-0.013901297,-0.022408227,-0.10493049,-0.09932266,0.085140385,0.074340254,0.04467994,-0.078651056,-0.08051216,-0.0017662084,-0.018603822,0.062482018,-0.051102478,0.02631932,-0.00042946788,-0.015191157,-0.07896314,0.112048045,-0.0030742714,0.006350794,0.0067347884,-0.10078536,-0.05462431,-0.065784134,0.02165172,0.080646336,-0.01741256,-0.07790077,-0.0010078474,0.027055489,-0.005298299
artificial intelligence for enterprise,0.5811028,-0.20209488,0.34484553,-0.37411687,0.12370957,0.13895258,0.08679175,-0.030775465,0.056495607,-0.269734,-0.033340838,0.07325922,0.18648966,0.023112256,-0.035903163,0.08180056,0.05982437,-0.12725788,-0.025779499,-0.029375052,0.23172557,-0.15556799,-0.07838533,-0.05885038,0.06423094,-0.09444989,-0.0059605893,0.07299684,0.025310546,0.018571902,-0.0855369,0.12550543,0.020936392,0.04966748,-0.06940283,0.04137964,-0.032191936,-0.06593301,-0.038137406,0.0054067834,-0.04920421,-0.048368856,0.040905725,0.0078709,0.02501143,0.035860762,0.049297795,-0.039044943,0.08265374,-0.08377188
artificial intelligence certification,0.7521569,-0.4648006,0.07508184,0.14266513,-0.2828214,0.046623863,0.21294162,0.048030842,-0.02532241,-0.059184093,-0.030274108,0.091278955,0.06952651,-0.06227269,-0.054918766,-0.07942985,0.1131601,-0.01228682,-0.02513882,0.0045345873,-0.05190454,0.0123591265,0.021913942,-0.03915136,0.010625449,0.032054167,0.033895373,-0.008713518,0.012765232,-0.018273234,0.022753749,0.012994651,-0.032736752,0.03240244,0.037264135,-0.014676574,-0.009124457,-0.018768208,0.02288931,0.00012981462,-0.022982556,-0.011287278,0.0016100663,0.01504249,-0.015274925,0.04604489,0.012342123,0.010346087,-0.025352988,-0.012049036
executive education ai,0.6588777,-0.13471675,0.187736,-0.24579124,0.08055949,-0.20101623,-0.16105627,-0.017887112,-0.15532583,-0.2970356,0.31829146,0.06446367,-0.057561163,0.10712551,0.047255136,-0.14626701,0.026684953,0.11008585,-0.14341299,0.19864064,-0.047009565,-0.028779814,0.009280749,-0.06259841,-0.032224655,-0.014706168,0.01199884,-0.021824855,0.025265185,0.08713829,-0.040655315,-0.062670924,0.007054249,-0.073391676,-0.01678546,-0.016355745,0.027021904,0.02287496,-0.034993358,0.044059876,-0.08757659,-0.024060544,-0.04413378,-0.06600079,0.021075072,-0.0011962246,0.0032903126,0.033968143,-0.022579107,0.0040231314
generative ai course mit,0.83863175,0.40318635,0.106676854,0.24478422,0.1343729,-0.06952046,-0.027607994,-0.012192479,-0.0042318096,0.017222447,-0.035965603,0.043676298,0.034697577,-0.060061768,-0.03707868,-0.08141483,0.01853908,-0.00020558896,0.013890396,0.023151493,0.033767227,-0.016957209,0.03810576,-0.015824966,0.02666222,0.007876247,0.056045804,-0.04525737,-0.013172353,0.043309253,-0.02554142,-0.014409678,0.0058038672,0.025240239,-0.047074795,0.018676143,-0.025015667,0.05366859,-0.013842956,0.020592831,-0.017317137,0.0029437083,-0.0027879593,-0.011652088,-0.015749538,0.0019636503,-0.0016018621,-0.018568123,0.03436135,-0.0066488744
machine learning engineer training,0.575476,-0.056581516,-0.023136318,-0.02809664,-0.044431157,-0.095379844,0.277947,0.36726865,0.13245502,0.047245193,0.038931843,0.30146307,-0.3006446,-0.29169542,0.011863099,0.2183135,0.009754017,0.15001503,0.10078956,-0.034278218,0.05148367,-0.073244676,-0.019663254,0.02877029,-0.05063369,-0.093793906,-0.049847968,0.10372967,0.04557966,0.03136239,-0.056738064,-0.028878987,-0.0034442106,-0.1070907,0.036872227,-0.033265032,0.052490555,0.05895,-0.024508273,0.020277629,0.036483068,-0.05107544,-0.0066980217,-0.032846723,0.023264749,-0.0063488036,0.022553187,-0.031793788,0.04013833,-0.028191997
mit ai class,0.80082357,-0.05594,0.15574527,0.15763246,0.3391486,-0.010124333,-0.048842628,-0.11431939,-0.13016818,0.118835844,-0.047799837,0.010041755,0.06189484,-0.15602404,0.018973453,0.010377484,0.036487903,0.02519404,-0.055964485,-0.011530084,-0.053590078,-0.016526446,-0.09380702,0.038331226,0.025810137,-0.13627413,0.07634123,-0.17598647,0.09638083,0.07003626,-0.0357011,-0.059033997,0.07796499,0.025547443,0.010612723,-0.021697426,-0.0007622739,-0.05917495,0.006661161,0.016564867,0.006502549,0.022887573,-0.030383045,-0.016722972,-0.06347131,0.01318143,0.051278073,0.004919602,0.015986018,0.011146203
generative ai courses,0.8696043,0.40610957,-0.107201636,0.06677413,-0.111352734,-0.12515855,-0.019729977,-0.0035950155,0.019415854,-0.0066733183,0.026792591,0.055881254,-0.0062528187,-0.011999796,0.010669366,-0.093725465,0.0075371196,-0.012351339,0.019989658,0.012873355,0.036531623,-0.02086069,-0.02999378,-0.054862026,-0.04817627,-0.054809332,-0.0028672444,0.02462808,-0.031290922,-0.030945566,-0.024122074,0.037451964,-0.012442148,0.041195236,0.010104721,-0.008075949,-0.015981108,-0.023338214,0.00095708994,-0.021955939,-0.009148561,-0.009791417,0.027356263,-0.0044841426,0.006025526,0.0027762407,0.005448352,-0.0020717965,-0.019003676,0.0099155465
artificial intelligence stanford online,0.6971946,-0.002573123,-0.03906374,-0.05158204,0.1723313,0.53232884,0.06825286,0.08293082,-0.19363292,-0.17264472,-0.13758548,-0.04236571,-0.09188586,0.09141421,0.021695867,0.09057077,0.12926126,0.041447025,0.042214137,0.017215014,-0.017286766,-0.048885636,0.0220546,-0.07962012,0.019170053,-0.12066378,0.01061117,0.021578163,0.013797432,-0.0140309725,0.060824774,-0.03521625,-0.0021095185,-0.009449392,-0.03783587,0.03154864,-0.02651876,0.027523533,0.0024551097,0.017519943,-0.0012392127,-0.014279843,-0.030412352,-0.0017953482,-0.04276882,0.061444428,-0.06030049,-0.052045003,-0.057876267,0.006466202
courses in generative ai,0.85018665,0.42597127,-0.0714952,0.07472239,-0.13231662,-0.09969136,0.017795825,-0.10953143,0.08803495,-0.034900304,0.016033027,0.020313751,-0.01601446,-0.041424435,0.0028115318,-0.06733138,-0.009106137,0.04440682,0.012874131,0.00012563927,0.018303908,-0.012618249,-0.07380031,-0.0058932835,-0.026139848,-0.021329826,0.0006164661,0.03412893,-0.05251144,-0.04526124,-0.025226748,0.04774006,-0.0032037657,0.014512692,0.034237165,0.0007657949,-0.037329752,-0.033853587,-0.0055226833,-0.064155705,-0.016306339,0.025474241,-0.01536483,0.014225392,0.0031162216,-0.035688166,-0.006071217,0.00042443277,-0.010420363,0.006445372
best course on artificial intelligence,0.85076797,-0.13917375,-0.25226456,-0.046063457,0.054941695,0.05487011,0.26259005,-0.23880804,0.115643464,0.0033290791,-0.03683315,-0.014946886,0.041273117,0.077836394,-0.06661377,0.016647758,-0.04351217,-0.032084398,0.035695463,-0.04047123,-0.003467736,-0.010276624,0.021162651,-0.0030459524,0.06539646,-0.010522757,0.010598723,-0.014523324,0.0024796273,0.053407144,-0.016707845,-0.05656945,-0.030721651,-0.035975944,0.012642274,0.034917418,-0.0031165555,0.017120063,-0.055163246,0.02858514,-0.03383304,0.031457186,-0.03843858,0.0016488519,-0.011255299,0.0065086037,-0.009632575,0.008977559,-0.04616776,-0.016905768
bootcamp ai,0.6397411,-0.074158825,0.023888933,-0.19536431,0.048714194,0.061115712,0.08306842,0.30021584,-0.1592202,0.32310525,0.08145977,0.27161655,-0.23208503,0.051914196,0.037462447,0.041156664,-0.22509004,-0.18728794,-0.120181695,-0.0022532577,-0.04524737,-0.021936769,-0.09853966,-0.02020356,0.043253463,0.14960475,-0.0010539542,-0.0023554428,-0.10995933,0.027455634,-0.036749963,-0.025831696,0.025425727,0.05031475,-0.02153894,-0.009869411,-0.05395795,-0.059176616,-0.023521082,-0.028307796,-0.035703547,0.05491596,0.012385454,-0.0037154772,-0.028068602,0.053363424,0.00044653664,-0.030021317,-0.0015200496,0.03281165
courses on generative ai,0.8271527,0.46216893,-0.06291262,0.066526204,-0.12470384,-0.046364613,0.04848592,-0.13056758,0.09500993,-0.032729097,-0.0033293231,0.00509149,-0.016895266,0.009752481,-0.01605968,-0.03768231,-0.03444231,0.07624707,-0.034471955,0.0021843778,-0.024653511,-0.016763372,-0.06520118,0.049917698,-0.016319906,-0.015400163,-0.017709479,0.0509857,-0.029681997,-0.024933163,-0.01991125,0.059153214,0.03262951,0.010109748,0.057655167,-0.013613015,-0.04409878,-0.03776663,0.006267237,-0.07905039,-0.017236102,0.039626848,-0.006915583,-0.0004323136,0.0071597463,-0.031069078,0.00464267,-0.0047041094,-0.043633357,-0.026205806
course generative ai,0.8393446,0.40823635,-0.08430024,0.07811002,-0.026769107,-0.11252993,-0.0119629465,0.07667919,-0.13968803,-0.075989075,-0.024554478,0.08328613,0.016968314,-0.1121558,-0.07540751,-0.034587655,0.028330307,-0.10412054,0.06577651,-0.0081868535,0.018441176,0.0008938955,0.049256135,-0.034760397,-0.0141746495,-0.022062708,-0.015110366,-0.03677898,-0.057340626,0.026401103,0.018424062,-0.030614454,-0.048149608,0.0036597827,-0.01388903,-0.017527325,0.0067234277,0.055590034,-0.006561926,0.015558045,-0.08084743,0.045487713,0.015708921,0.009117749,0.0061925566,0.014415242,-0.013407445,0.0043094964,0.0024174275,0.021828387
what to study to become artificial intelligence engineer,0.6328903,-0.27978483,-0.03472733,0.0024227106,-0.02060394,-0.04859107,0.30869782,-0.04881686,0.41273984,-0.043775246,0.13625348,-0.07939138,-0.21851079,-0.115593635,-0.047984906,0.08009129,-0.012981925,0.02061879,-0.05634926,-0.09043427,0.084065944,0.13775103,0.15707847,-0.06820841,-0.12906182,0.016704323,0.016302122,-0.054555222,0.057556216,-0.022034831,-0.09493582,-0.039817877,0.01604965,0.18020181,-0.015005561,-0.030145256,-0.003994121,0.01998957,0.07724272,0.03063459,-0.02008686,-0.008562716,-0.010649564,0.03904042,-0.002574964,-0.0339277,0.0039045252,-0.07597263,0.01883,-0.0065075792
generative ai online course,0.8289472,0.37179002,-0.22244795,0.025084382,-0.092973,0.1683627,-0.21145809,0.08165724,0.013217229,-0.02416487,0.009999324,-0.010378529,0.04793041,0.031415794,-0.096964404,0.018801834,-0.0012139566,0.007279107,-0.06155891,-0.015679521,-0.02182252,-0.010560045,0.056147926,0.030090211,-0.015798474,0.03282724,-0.024251115,0.00581725,0.050691232,0.019287823,-0.008479176,0.043090206,0.0038316364,0.00804172,0.022126963,0.017515108,0.008921229,0.01635641,0.016660994,0.017991967,-0.011792034,0.011432686,0.023548555,-0.003947074,-0.050249513,-0.003188166,-0.0022698725,0.0057861395,-0.03096011,-0.019406695
certification in machine learning and ai,0.67287517,-0.3766105,0.086882904,0.1292583,-0.41964862,-0.042514723,0.10186498,0.04375881,-0.04569107,0.049836654,-0.12432728,0.16819759,-0.065357976,-0.09216007,-0.030677179,0.06676106,0.15779027,0.10675196,0.021872075,0.03907928,-0.033801872,-0.065537915,-0.108263746,0.09741222,0.073771425,0.021941515,0.066394694,0.016507398,-0.015684268,0.016314847,0.043807052,0.045782365,-0.038709447,-0.13997105,0.00013076574,-0.04480948,-0.04978334,0.0014340314,-0.019072775,0.05637655,-0.00869746,-0.005871734,0.044847544,-0.019680677,-0.050705872,-0.019782204,-0.03766691,-0.0107646575,0.08923957,0.017081188
online ai and ml courses,0.78908557,-0.10009057,-0.33169118,-0.08561866,-0.040801942,0.1614387,-0.34701893,-0.006531037,0.0723491,0.07143703,-0.06916141,0.04637111,-0.06794014,-0.045306824,0.01565305,0.06544358,0.10036164,0.08162281,0.012104548,0.0250297,0.034197375,0.0018747434,-0.09507969,0.06584425,0.02513434,0.019216292,0.03970482,-0.016219173,-0.0122808935,-0.04953393,-0.024568656,0.023981016,-0.07757144,0.07515034,-0.014706375,-0.079833664,0.013344279,0.046055492,-0.03609392,0.058406185,-0.030291725,-0.03491625,-0.04810859,-0.031078292,0.010521359,-0.007425466,0.01814335,0.034249865,-0.0037523394,-0.047638904
best generative ai course,0.8700742,0.41388473,-0.06806724,0.03228437,-0.08148937,-0.08786502,0.063969836,-0.0640066,-0.021540962,0.0010229808,-0.0072940635,0.022702849,0.03762715,0.10178626,-0.03719349,0.080929734,-0.06426344,-0.01706683,0.04489206,0.020777708,-0.029376222,-0.0024597666,0.082786776,0.021656914,-0.023795402,0.005175827,0.0141321765,-0.010879175,-0.0007963285,0.042895604,-0.003399102,0.012690433,0.0135185635,0.00034013012,-0.0014659854,0.017197836,0.013510279,0.01678376,-0.008235828,0.009754888,-0.034815554,-0.015094379,0.0154351285,-0.00089562143,-0.012108922,0.01748548,0.021156149,-0.0076432815,-0.004970063,-0.03078938
online artificial intelligence degree,0.6808675,-0.29226083,-0.21680534,0.08159635,-0.039718147,0.45245335,-0.21600208,-0.0044309003,0.17499588,-0.12783433,0.16601595,-0.062423643,0.019625222,-0.04635232,-0.08761655,-0.01218133,0.05341946,0.00048554398,0.086795986,-0.047817,0.027634129,0.07263397,-0.008587791,-0.021528793,-0.07540851,0.052238997,0.016738724,-0.050238047,-0.021329653,0.009222545,-0.01777009,-0.04972547,0.064907596,-0.012852625,0.03008777,-0.04057057,0.02916563,-0.051538285,0.0027454868,-0.027869241,-0.010332733,0.030009694,0.03378978,-0.018080434,0.07637263,0.008879088,-0.0098022735,-0.019324914,-0.031688012,0.026656173
best course for artificial intelligence,0.8456165,-0.14702715,-0.2898138,-0.053743556,0.04608174,-0.026616517,0.23810446,-0.20674382,0.13187447,0.024303513,-0.056804914,0.032158114,0.029189195,0.10490443,-0.029317027,0.029603451,-0.046144955,-0.025173793,0.071686916,-0.05077182,0.019838497,-0.031582523,0.059407864,-0.013450799,0.06451395,-0.0281347,0.012870217,-0.008832632,-0.020265026,0.034359656,-0.011150972,-0.045822065,-0.056759406,-0.031602893,-0.010701409,0.026993776,-0.0059352145,0.0025513803,-0.051077183,0.019441465,-0.04342183,0.021363966,-0.032487966,-0.0014632846,0.012211483,0.033360295,0.007851837,-0.00056384504,-0.020194242,0.022676174
ai for managers course,0.81978744,-0.037354507,0.043146588,-0.32519904,0.10053621,-0.13600542,-0.093448825,-0.036761176,0.024630759,-0.16253798,-0.016071424,0.15485238,-0.07430755,-0.13128217,-0.08373526,0.0414769,-0.14651452,-0.020811493,0.014656264,-0.029272862,-0.097238556,0.028457457,0.050393403,0.0030143496,0.11224058,0.01725616,-0.047072638,-0.084711745,-0.0525719,-0.013497632,0.044379186,-0.024571948,0.045595642,-0.017591413,-0.05007979,0.044274163,0.05006096,0.033984642,0.05426291,-0.05422724,0.060289472,-0.025104247,-0.033191867,0.076475516,-0.039300863,0.036913477,0.014227628,0.042183947,-0.02524546,-0.027577104
course on generative ai,0.84004426,0.47611108,0.021459345,0.04773497,-0.09678275,0.0021906358,0.069641985,-0.0966659,-0.0053594476,-0.039449718,0.0029309806,-0.010896521,0.03071031,-0.055484984,-0.054502703,0.022933712,-0.0034712504,0.041112825,-0.03425705,-0.008589762,-0.014392948,-0.00509756,-0.022407658,0.07423217,-0.019226262,0.044210378,-0.0054150405,0.032577686,-0.029409537,0.0331183,-0.0035628453,0.013201858,-0.012875205,-0.023737479,0.037644822,-0.002476474,-0.035820656,-0.035174914,-0.01919109,-0.059040666,-0.033942267,0.058887884,-0.018532116,0.014659716,-0.013882957,-0.03623593,0.0028132347,-0.0047858083,-0.03159984,-0.03330033
stanford generative ai course,0.8401296,0.417224,-0.024437614,0.07063374,0.026951604,0.06667855,0.08594894,0.000706365,-0.13299592,-0.13474119,-0.106894754,-0.077860765,-0.15398255,0.021815574,0.027951784,0.020389857,0.014767017,0.06341399,0.03334251,0.005868015,0.0024639382,-0.014902401,0.04010858,-0.045277033,0.027644135,-0.013531133,0.0067345304,0.025359908,0.0114523275,-0.0008501638,0.013393119,0.0013694961,0.031326313,0.04917846,-0.06283608,0.00805536,-0.010640129,-0.018859802,0.039813504,-0.0030664697,-0.028061084,-0.009745265,0.020291349,-0.0009882781,-0.0026495252,0.011399131,0.0077348324,-0.028328964,0.01313171,0.00893141
best generative ai courses,0.85714495,0.37499577,-0.121475264,0.06410139,-0.14164627,-0.13329178,0.0016540537,-0.07546206,0.061577424,0.038625244,0.023365542,0.08068194,-0.012320548,0.14233081,0.011449092,0.018159654,-0.04972159,0.004788213,0.07220237,0.028176852,0.025832074,-0.0031627775,0.036747437,-0.026605,-0.042947542,-0.078741446,0.022481441,0.016177602,-0.026121728,-0.011499697,-0.02316201,0.043659028,0.02635667,0.034943286,0.008761771,0.013679657,-0.011842118,-0.023264432,-0.027572516,-0.011559095,-0.008913661,-0.012959805,0.021958012,0.0019178714,0.0064002504,0.0149299,0.013221177,-0.013293257,-0.024944963,-0.00674194
ai certification courses,0.85295933,-0.34311557,-0.14246261,0.090114705,-0.1930786,-0.2115008,-0.06049136,-0.022146301,-0.0170011,0.06623805,-0.042563666,0.02301093,-0.008902016,-0.0084135095,0.022529667,-0.072074324,0.028238975,0.038055964,-0.037913848,-0.010056888,-0.0067391805,-0.0108969435,0.00076515554,-0.02659126,0.022731885,-0.008213235,-0.018972402,0.029070912,-0.023760311,-0.059125636,0.04222854,0.024856403,0.0610538,0.032663226,-0.0025505114,-0.023080574,-0.016223773,-0.015293079,0.049997866,-0.037741836,-0.004565675,-0.012121333,0.016168226,0.00405714,0.052499343,0.026482634,-0.009130187,-0.0045442088,0.01898912,0.015951578
course on machine learning and artificial intelligence,0.78756547,-0.17070995,-0.24358644,0.006745973,-0.015787069,0.14222026,0.18065025,-0.1328619,0.14112605,0.0072176214,-0.08339629,0.031696413,-0.104408465,-0.1575109,-0.05827221,-0.034017276,0.012771761,0.030823374,0.043399695,0.034550704,-0.005365078,-0.09911635,-0.15132038,0.13103943,0.07656437,-0.0034736942,-0.038428567,0.101704895,0.03300491,0.11583865,-0.0023283705,0.010024169,-0.061101306,-0.16900884,-0.047932487,-0.01777102,-0.0776482,0.023820482,-0.00469067,0.034743827,0.030343972,0.04844664,0.005810334,-0.04933846,-0.028020583,-0.09793216,-0.036564503,0.0586255,-0.025899978,0.039373327
artificial intelligence online program,0.67879266,-0.13957472,-0.0875893,-0.18813165,0.018089581,0.5739453,-0.07034014,0.19761457,-0.008368853,-0.08571899,0.047058657,-0.034156032,0.15346138,-0.023791723,-0.029155103,-0.08080686,-0.050861444,-0.043155394,-0.033676043,0.02816402,-0.017157048,0.007311336,0.073131375,0.06683635,-0.054701917,-0.06592749,0.03705454,-0.042250276,0.00023325207,-0.0013688835,0.018660825,0.023512846,-0.051425897,-0.017880633,0.055550523,-0.040427476,-0.040434692,-0.038166933,-0.045386504,0.03893813,-0.029173793,0.0062082103,-0.084020846,-0.008693279,-0.02621025,-0.0113780135,-0.03729953,0.0062750517,-0.061512023,-0.06566449
artificial intelligence master's degree online,0.68905425,-0.25058177,-0.1620167,0.12231408,-0.038149275,0.4250654,-0.24843092,0.02578518,0.21396779,-0.12454448,0.1526445,-0.016921446,0.008303619,-0.0070928363,-0.10220738,0.026469309,-0.0064650313,-0.03227817,0.07198036,-0.051868644,-0.011224015,0.03758974,-0.02055337,-0.029747391,0.0025022412,0.1054144,0.015282855,-0.02128755,-0.03212651,-0.012997569,0.074998304,-0.077725254,0.087402806,-0.07481092,-0.0383217,0.013225205,0.05450344,-0.021776447,0.029442567,-0.016695825,-0.030826129,-0.010989474,0.05035311,-0.010752972,0.12273762,-0.008803538,0.02979742,-0.013776613,0.0666293,-0.014587328
best course on generative ai,0.8336547,0.45907247,-0.022356397,0.029565481,-0.10529838,-0.036705464,0.10402362,-0.13197102,0.06205523,-0.01510115,-0.015345226,0.0056576733,0.016556934,0.06977711,-0.042978156,0.09069549,-0.08486071,0.042150848,-0.0135854725,-0.0068486063,-0.025653008,-0.006064676,-0.008578995,0.079922296,0.012355384,0.0007592614,0.014735537,0.009964821,-0.019121867,0.056072462,0.014088029,0.010514926,0.020421997,-0.041469473,0.023803227,0.014301974,-0.005077322,0.007579134,-0.0089813145,-0.02787166,-0.04649406,0.04063014,-0.021398189,0.022700818,-0.0144590745,-0.012341186,0.011274077,-0.023535732,-0.022491805,-0.042746633
ai strategy course,0.82846683,-0.05817672,-0.15506394,-0.21463616,0.1358832,-0.14374277,-0.026746811,-0.023136066,-0.049536042,0.0639045,-0.0091313645,-0.034398455,-0.024566405,-0.03770263,0.053680386,-0.03204015,0.047492694,-0.096341535,-0.06475139,-0.06532832,0.012317341,-0.026369523,0.03679166,-0.01780095,0.09089216,0.011575098,-0.13940449,0.05052919,-0.04487992,-0.02383822,-0.016877754,-0.10768304,-0.016274195,-0.07802393,0.20319937,0.048512626,0.07514359,0.0015796681,0.091555424,0.073200434,-0.016941095,0.02454551,-0.01876183,0.10772389,0.014282566,0.06575721,-0.06244326,0.10255301,0.047103178,-0.12359279
ai certification mit,0.78721803,-0.3797889,0.2158478,0.3351369,-0.0059562824,-0.07498074,-0.07954814,-0.008468517,-0.04422719,0.07754422,-0.033588152,0.09848561,-0.034053072,0.02551207,0.021819513,-0.02844417,0.05940947,0.05516062,-0.08070887,-0.03884003,-0.034452047,0.017263688,0.03665228,0.02993377,0.03739118,0.050729536,0.05127179,-0.0003851052,0.020176323,-0.03391079,0.043302413,0.042216696,0.06362296,0.026748372,0.018175581,0.01343593,0.033974133,0.03888616,0.0023971137,-0.015140077,-0.031649366,-0.0062268153,0.004857677,0.01216823,-0.011895232,0.04308342,0.013768753,-0.02364731,-0.013454658,-0.027246598
course generator ai,0.82956225,0.110845715,-0.15137579,-0.0665591,0.032865442,-0.12515184,0.006546026,0.223466,-0.12883492,0.013306987,0.056854002,0.0064386297,0.053346958,-0.09937937,-0.025378566,-0.083302855,-0.0776219,-0.18337047,0.054299206,0.019653808,0.0033982138,0.008827228,0.08465764,-0.0125065865,0.011027928,-0.10639841,-0.12203268,-0.095605835,0.040619556,-0.10705515,0.03499115,-0.0076729422,-0.011893346,-0.08067454,-0.11063998,-0.04343964,0.05193622,0.11725452,-0.006448831,0.039707646,-0.060928546,0.09271357,-0.02915871,0.023465816,0.09156073,0.018172558,0.04433124,-0.005536844,-0.03969981,0.0037619143
ai learning course,0.9102963,-0.09920129,-0.22794715,-0.12891844,0.049288504,-0.14017136,-0.035766236,0.008625567,-0.06293531,0.061360426,0.0028142913,-0.02171179,-0.0066073234,-0.12728916,0.047803093,-0.029837735,0.0015204861,-0.017446507,-0.08223825,-0.0674182,0.081209406,-0.021982543,0.09392552,0.029094605,0.015396604,-0.020528954,0.028487466,0.001086202,0.011684021,0.07579033,-0.0018120208,-0.0032254055,-0.015780842,-0.02655779,0.006514413,-4.546301e-05,0.020891756,0.015526233,0.0038616105,0.012209117,-0.027826363,-0.025443153,0.0432826,-0.011247842,0.009839949,-0.010372859,-0.016465226,-0.02030688,-0.00037094366,-0.0026307872
best ai learning course,0.87599224,-0.09661029,-0.27567127,-0.101084046,0.013969548,-0.14323781,0.0051055127,-0.087019086,-0.036795087,0.14361131,-0.0038760798,0.059583247,0.003828227,0.10641013,0.035978757,0.10289816,-0.04988793,-0.025431352,0.013176966,-0.009160556,0.052969594,-0.005385437,0.14443313,0.008257872,0.01651923,-0.070717305,0.03336126,-0.015160329,0.00058700406,0.09633091,-0.002961564,-0.014888646,-0.0041526775,-0.05986979,0.009099094,0.021642039,0.028464962,0.029740788,-0.053057138,0.02998145,-0.034222424,-0.0008102972,0.046059497,0.0024042397,0.053600006,-0.010158154,-0.011291815,-0.005563854,0.025718186,-0.008748551
ai courses near me,0.86064434,-0.15811726,-0.21045932,-0.082431495,0.057333138,-0.15168047,-0.12746419,-0.018902153,-7.4147625e-05,0.12188941,0.018941086,-0.032606017,0.021800088,-0.020071179,0.059701137,-0.05070766,0.015597491,-0.07315754,-0.011485305,0.022230662,0.06665796,0.09689849,-0.07956104,-0.060763657,-0.12639023,0.041510973,-0.0178207,0.06311052,-0.019344326,0.050680272,0.08461255,0.048501804,-0.0499966,0.0014509832,-0.09577085,0.008607138,0.002374324,0.00587317,0.0887417,-0.11006087,-0.004362929,-0.030749155,-0.02861909,-0.04078341,-0.05167887,-0.05544935,0.0095263515,-0.090359755,0.055607792,-0.01287793
best ai ml courses for working professionals,0.81814873,-0.15338399,-0.15462822,-0.10403845,-0.08364735,-0.1280324,-0.086027935,-0.14488776,0.07004578,0.11264084,-0.060651824,0.13169162,-0.104261726,0.06560044,0.10804323,0.16080429,-0.04567772,0.17116292,0.1085588,0.08083983,0.023509087,-0.056905955,-0.05597733,0.013727252,-0.01572842,-0.011047887,-0.03178423,-0.024218079,-0.029953625,-0.017952215,0.01630087,-0.00077821116,-0.018715737,0.15884382,-0.055892445,-0.051852636,0.027595123,0.06748341,-0.06492839,0.07991494,-0.010107279,-0.009387538,-0.06954964,-0.070222124,0.007149463,-0.028560745,0.081945464,0.035680756,-0.029014893,-0.045091078
ai related certifications,0.7847197,-0.4479147,0.113189474,0.07573465,-0.31220102,-0.109262876,-0.043417215,0.013918764,-0.051867183,0.012711745,-0.07404685,-0.015252784,0.04774832,-0.013208454,-0.01260205,0.0059204237,0.060830068,0.0366298,-0.063623264,-0.022522693,-0.03872002,0.023407847,-0.058030397,-0.034859262,0.014368766,0.0077294996,0.020059505,0.0038960816,-0.04655406,-0.013028402,0.076484255,0.051680714,0.04298712,-0.013253949,-0.022275278,0.0114403,-0.014501327,0.06418283,0.0590018,-0.0143976305,-0.04183961,0.0058311103,4.040758e-05,0.014716817,0.005697956,0.018256648,-0.008722082,0.024240246,-0.019611485,0.02201531
ai short course,0.771744,0.001640911,-0.039482564,-0.13641419,0.10171804,-0.026515562,0.01731247,-0.047617484,-0.24757633,0.103961416,-0.0142788235,-0.055936087,0.1450312,-0.1782267,-0.019116787,0.13744433,0.13419507,-0.0809094,0.02296385,0.036665894,0.0056235944,0.021364426,-0.015971089,0.08738646,-0.12764183,0.13861927,-0.002356619,0.055163074,-0.030064486,-0.06662237,0.028569253,-0.10060399,-0.1161243,0.04251431,0.10851268,0.1948821,0.017074667,-0.020833313,-0.02609798,-0.007019027,-0.08934985,-0.10599234,-0.12326861,-0.14418015,0.0035081413,0.06585618,-0.02830847,-0.059969723,-0.05069821,0.021717738
ai certification classes,0.81968355,-0.37158313,-0.053242862,0.11425466,-0.2194976,-0.18851303,-0.037870713,0.025580565,-0.08955654,0.06464256,-0.06505266,0.026187424,0.06487894,-0.036837135,0.020982048,-0.023027387,-0.0029513026,0.038810823,-0.031101128,-0.011839829,-0.06916612,-0.036776166,-0.05572444,-0.008753489,0.007003426,-0.078409165,-0.004935722,-0.05567989,0.05849426,-0.007638733,0.01632037,-0.00022974204,0.12479024,0.024878401,0.009416949,-0.07308623,-0.020240298,-0.056395084,0.098114,-0.027197586,-0.037416406,0.017685184,0.017979732,-0.012219246,0.017938128,0.01996969,0.003382063,0.031675216,0.013324392,0.0035619827
artificial intelligence master online,0.773684,-0.100038975,-0.064644665,-0.007922808,-0.015693132,0.4394314,-0.1583236,0.04258274,0.12133748,-0.054125708,0.11674805,0.09715808,0.103805125,0.01099909,-0.111593924,0.10209504,0.035451163,0.02673499,0.01788723,-0.019074278,-0.10507358,0.00052014284,0.053387757,-0.038220163,0.0055459654,0.09916203,-0.050467685,-0.026158305,-0.039035693,-0.026638329,0.08158667,-0.08445734,0.0483725,-0.059500918,-0.019801676,0.09286672,-0.01954291,-0.008052063,-0.017576907,-0.03400046,0.020547435,-0.024731545,-0.014229719,-0.026153056,0.05566191,-0.088519976,0.11255008,-0.027150672,0.038531575,-0.027663982
generative ai online courses,0.8214823,0.33684897,-0.2664833,0.037333924,-0.120800495,0.12551728,-0.27479103,0.091604486,0.044136267,0.0038939875,0.039446846,0.02951733,0.038881417,0.035125937,-0.07174512,-0.037680753,0.02988758,-0.013785955,-0.02009548,-0.002366279,0.0051667257,-0.01016665,0.011388076,-0.014768439,-0.03372625,-0.03292926,-0.00986547,0.010062584,0.016763963,-0.025550453,-0.014212068,0.043379247,-0.017443893,0.023393324,0.022119688,-0.0017968558,-0.009411636,0.0077055804,0.0016789789,0.0025869284,0.0049632504,-0.01322631,0.01782983,0.02530327,-0.023521934,0.016048972,-0.015459843,-0.008130828,-0.010802942,0.00630665
ai for executives course,0.81482774,-0.10857917,0.10849265,-0.35483542,0.13505977,-0.195043,-0.124151595,-0.08213554,-0.003494162,-0.23003641,0.07446405,0.08602009,-0.033788588,0.0029765866,-0.069193274,-0.042166967,0.012499757,0.015508813,-0.031799484,0.0823617,-0.06931131,-0.0042768857,0.0642623,0.02703653,0.048191432,0.007873222,-0.048417296,0.00015423252,0.0019140283,0.020944059,-0.018838398,0.017252464,-0.017532764,-0.0068694134,-0.064402,-0.022192858,-0.03889655,0.0074844533,-0.02066414,-0.008166464,-0.015185137,0.0038679505,-0.023552988,0.022872854,-0.042112954,0.0033001988,-0.007278994,-0.0070320545,0.023169246,0.007266372
AI for engineers,0.7515768,-0.07828254,0.19026123,-0.18514927,0.10128366,-0.045495514,0.19315292,0.11229476,0.025194675,0.037242405,0.11482437,-0.06344336,-0.14189991,-0.122637,-0.09151874,0.23373422,0.08734191,-0.04138898,-0.07897008,-0.039009996,0.011741026,0.074652806,0.081635185,-0.04814687,-0.16538855,-0.048381142,-0.052706543,-0.032029297,0.050427984,-0.0989366,-0.011835965,0.13149571,0.06892703,-0.014304076,-0.039193112,-0.055890977,-0.0005702884,0.18378575,-0.10217812,-0.096115276,0.0068930094,0.066377476,-0.080203906,-0.011621656,0.01615147,0.032816093,-0.06202858,0.03864699,-0.015781932,0.052818038
learn how to program ai,0.7870191,-0.008008535,0.045691874,-0.30591342,-0.016874613,0.0015260497,0.18858123,0.14731388,-0.07206896,0.0838087,0.10252896,-0.086568944,0.029987857,-0.06260141,0.09440263,-0.04422381,-0.055386465,0.096492864,-0.15102519,-0.066415034,0.06637767,-0.031304333,0.20994698,0.07479473,0.014088884,0.06078977,0.14093763,-0.06913649,-0.047003586,-0.014582308,-0.0010334522,-0.03520047,-0.080512695,-0.018526014,0.030211966,-0.05674594,-0.042572714,-0.008108283,0.06827964,0.075065106,0.021541076,-0.06409069,0.0670856,-0.004456278,0.021842519,-0.084851064,-0.012490038,-0.112721905,-0.011543132,-0.04064022
generative ai course,0.8784489,0.43652418,-0.040398054,0.045388687,-0.055864573,-0.08197572,0.03637493,0.015240949,-0.064254135,-0.03393772,0.0023950373,-0.0038135664,0.042040404,-0.050118964,-0.029798355,-0.022882737,-0.00053589063,-0.04063788,0.007866605,0.0023898715,-0.0041390033,-0.013618108,0.04526307,-0.019281847,-0.032690912,0.032388665,-0.012852102,0.0063168034,0.00011450406,0.03429172,-0.007074458,0.0029855303,-0.012306628,0.01841292,-0.005232131,0.0009153259,0.007576818,0.010765363,0.017686198,0.0041250833,-0.034993388,0.004855524,0.022050425,-0.016302535,-0.012260529,-0.00065783673,0.016817417,0.005419542,-0.011141701,-0.013601072
courses on artificial intelligence,0.8407419,-0.17337964,-0.30295587,-0.028949684,0.0424296,0.075863905,0.18460494,-0.2032957,0.15059437,-0.027581,-0.025617015,-0.052834097,0.0028334726,-0.02675619,-0.02513425,-0.14224823,0.0126772085,0.008804035,-0.033505652,-0.019780414,-0.00061158504,-0.048888598,-0.09101893,-0.028757261,0.009669107,-0.031369828,-0.04735584,0.03231588,-0.021040801,-0.06999635,-0.05213439,0.0029197123,0.0035839467,0.027803862,0.012189408,-0.0012677722,-0.05252286,0.003047835,0.018381994,-0.029812654,0.020467,0.007745048,-0.032410122,0.018572455,0.01910312,-0.016694069,-0.019237958,0.03309862,-0.0623303,0.023342745
artificial intelligence training,0.81984276,-0.14663228,-0.055421006,-0.13241316,-0.029096916,0.11560068,0.18348874,0.10127508,-0.071678065,-0.010608753,0.06265581,0.21810429,0.016500272,-0.18158266,0.03834661,-0.057849336,0.016228024,-0.0013841558,-0.091899306,-0.09179368,0.0789035,-0.07700545,-0.03347208,-0.1397646,-0.03194655,-0.11138525,0.061072573,0.0043461523,-0.011217984,0.049340006,-0.06428016,-0.050048374,-0.12951681,-0.0037224174,0.043306097,0.023395212,0.10936046,0.030131245,0.038371414,-0.010822485,0.05901289,-0.083414905,0.049587715,0.036003627,0.0650238,-0.0052377,0.024568576,-0.002985613,-0.06058412,0.009360028
ai generated courses,0.9002735,-0.0071077184,-0.17959626,-0.07995026,-0.009906056,-0.17734697,-0.093570784,0.075799756,-0.0351609,0.06368919,0.015664147,-0.037857205,0.017017312,-0.077496685,0.06475075,-0.14892434,0.00569473,-0.09522773,0.008147897,0.011819326,0.020147549,-0.009015042,-0.031058494,-0.026806004,-0.03484081,-0.11257991,-0.0027155564,-0.03184131,-0.032370504,-0.10726408,0.05993022,-0.0066616717,0.0025066568,0.017111178,-0.056755498,-0.0032920765,-0.0051842737,0.009549139,-0.020422531,0.01902427,0.0069728815,-0.014611038,-0.044599343,0.07172336,0.058167797,0.051341623,-0.029338017,-0.04728377,-0.014872076,0.037213616
courses about ai,0.8981214,-0.10365126,-0.2502915,-0.13721381,0.01851493,-0.12245849,0.010477197,-0.17449392,0.033986818,0.07306186,-0.025186094,-0.06987222,-0.009991743,-0.041202225,0.03171861,-0.02046346,-0.013324373,0.06418729,-0.11042469,-0.048072174,-0.005850636,-0.010633034,-0.039806973,-0.00018940642,-0.017873049,0.016905189,0.0016840358,0.020980213,-0.04761477,-0.06831507,-0.014445566,0.039252568,0.059819806,0.014508387,0.02096099,-0.003118495,-0.028631639,0.01283153,0.027093701,-0.037944123,0.029004391,-0.012491292,-0.015857447,0.013077269,0.009131994,-0.016650325,-0.011522252,0.00042432602,-0.017828729,0.011788606
AI for business,0.7028637,-0.15994132,0.4126879,-0.42012605,0.036987644,-0.01645363,-0.12502225,-0.0664208,0.038596988,-0.031986352,-0.097619966,0.00019941373,0.11750609,-0.0546853,0.008762834,0.10071564,0.046150982,-0.07140647,-0.0002538902,-0.0634721,0.073555544,0.038901813,-0.020263877,0.052019026,-0.07960106,0.0146893645,0.08537284,0.05036294,0.062476337,-0.015938237,0.05689903,-0.03414139,-0.06411819,0.014094571,0.017692154,-0.068253934,-0.031336717,-0.0053378623,0.03736596,-0.0326535,0.019753916,0.067258805,0.010752629,0.013347348,-0.0051444056,0.06935859,-0.03749572,0.039459787,-0.026220582,0.01252025
ai for enterprise,0.685109,-0.19303286,0.37100032,-0.40367267,0.08468097,0.055558268,-0.031406544,-0.017232465,-0.03395592,-0.08554707,0.042307764,-0.024154637,0.13769312,0.04201655,-0.004810987,0.16414174,0.075079076,-0.08251746,-0.078119025,-0.028824707,0.17389354,-0.08824175,-0.10031503,-0.026225379,0.030227842,-0.017158987,0.013095118,0.07515094,-0.011521221,-0.007778584,-0.05173034,0.126106,0.04256955,-0.0058858097,-0.06311696,0.05644739,-0.03459935,-0.067395896,-0.006957035,-0.0152009465,-0.062390335,0.0048492257,0.012902429,0.017068334,0.01564302,0.022565063,0.031790283,-0.013808753,0.058034033,-0.06330269
best ai classes online,0.8027693,-0.050309174,-0.29980293,-0.11931237,-0.0359742,0.1606598,-0.2173786,-0.020811722,-0.04514553,0.17549524,0.022856507,0.04630585,0.12270128,0.1363015,0.016770752,0.16766341,-0.013819835,0.047672525,-0.004650991,0.013348548,-0.06895298,-0.034290504,-0.006648886,0.03483229,-0.057163622,-0.11395194,0.033752557,-0.12529115,0.087129995,0.010502518,-0.08028447,-0.011511799,0.09576317,-0.037901696,0.020823386,-0.0075253863,-0.0011059081,-0.029779863,0.023229413,-0.007199892,0.029361252,0.042677816,0.026803061,0.015885156,-0.03804868,-0.008560155,-0.017930804,0.022307532,0.02026467,0.019709641
artificial intelligence workshop,0.70040876,-0.0033302067,0.02534071,-0.12929162,0.071352646,0.22076295,0.2792619,0.12147725,-0.15401377,0.024536848,-0.019598067,0.09770053,0.2254384,-0.035046086,0.12327016,-0.10244117,-0.04782918,-0.10935984,-0.053967122,0.063757285,-0.07586767,-0.029051498,-0.0148736695,0.02161904,-0.02013852,-0.03152721,-0.13537602,0.056980245,0.16515289,0.025498247,0.2115785,0.10029644,0.019776471,0.0897512,-0.020279588,0.08657727,-0.12093054,0.10756188,-0.06958444,-0.01534237,0.117915355,-0.1035873,0.065982394,-0.017257059,0.09026115,-0.053844884,0.029886248,0.09733031,-0.0025274844,-0.030469783
python and ai course,0.80860376,-0.10690158,-0.17703341,-0.14402686,0.06252011,-0.0047388966,0.16009411,0.018891787,-0.10953764,0.039741054,0.0034775224,-0.10627954,0.08298756,-0.083756186,0.01940268,0.042553555,0.05444266,-0.015182684,0.03174524,-0.09401671,0.08593339,-0.0069553815,0.15787816,0.08156132,-0.043347422,0.13483769,0.00434707,-0.015389821,-0.11228057,-0.07692749,-0.043774463,0.11978764,0.040033914,-0.04174433,-0.10650061,-0.044756267,-0.021374615,-0.11509175,-0.076281965,0.07428493,-0.08629952,-0.042636376,0.040821116,0.043409243,-0.06360315,-0.026362535,0.1299056,0.13924293,-0.0015325062,0.09509274
graduate certificate artificial intelligence,0.77384305,-0.3639552,0.091190524,0.21917163,-0.07670404,0.13342366,0.10847418,-0.017092537,0.040809788,-0.21835606,0.089597665,-0.057231277,0.01841203,-0.0027247171,-0.02124248,-0.0673853,-0.15645605,-0.11674957,0.10519676,0.0006793686,0.074216515,0.029558707,-0.035018295,0.047208846,-0.06894076,-0.044880237,-0.042330287,-0.052643873,-0.059594452,-0.03771167,-0.060715307,-0.025401177,0.05881342,-0.0068681394,-0.017859995,-0.034576874,0.06009365,0.013992523,-0.04919542,0.06388861,-0.034933526,0.014993548,0.0432917,-0.05848868,-0.036454875,0.026165666,-0.058515735,-0.00356503,0.023255624,-0.053960055
generative ai course stanford,0.8492906,0.43963647,0.00076754997,0.06522942,0.01054884,0.036942318,0.085195705,0.017793544,-0.12497601,-0.120145656,-0.083063506,-0.05698432,-0.105646834,-0.0002851367,0.017887343,-0.0006730128,0.026396083,0.03362896,0.045725983,0.024065843,0.0019907537,-0.008968467,0.038886007,-0.057380907,0.010694742,-0.01459169,0.01347439,0.0049384385,0.008684409,0.012837467,0.012547245,-0.018946638,0.020099051,0.030989718,-0.051792238,0.0064972076,-0.003738736,0.0039228853,0.033307184,-0.0006432043,-0.038716618,-0.007419865,0.035332352,-0.009137094,-0.0123157315,0.0155485,-0.0009452669,-0.035355333,0.0008521344,0.00078002777
generative ai course online,0.85625666,0.3770703,-0.19802321,0.009904644,-0.08453697,0.114649415,-0.13393146,0.063197196,-0.0015581389,-0.019144956,0.009219672,-0.030335814,0.03722563,0.026363268,-0.06655678,0.0033834858,-0.010800001,0.006322031,-0.078382745,-0.018846247,-0.012775566,-0.027665704,0.06889289,0.014935593,-0.0031570126,0.03387824,-0.024404109,0.01578872,0.06978509,0.02807483,-0.013454048,0.05078928,0.01796683,-0.0001875453,0.011009744,0.03879586,0.0072604623,0.036169507,0.0110978745,0.019324498,0.013204497,0.026716365,0.0429151,-0.011068526,-0.06988011,-0.016953494,-0.001343062,0.008007176,-0.016819963,-0.007691679
ai courses for executives,0.83529747,-0.15847939,-0.026968405,-0.25859895,0.056675725,-0.25149134,-0.13574418,-0.15438436,0.0672815,-0.13041146,0.08148944,0.07523758,-0.092085525,0.045375325,0.018210951,-0.104852736,0.01644624,0.0771541,-0.021848045,0.08573244,-0.035884496,-0.03654376,-0.005863202,-0.022971867,0.02633152,-0.029402478,-0.051015515,0.068597876,-0.014070882,-0.053164687,-0.032401554,0.0076776813,0.027355218,0.033653237,-0.020133143,0.021501066,-0.06699906,-0.03804231,0.013591232,-0.016399117,0.009151785,-0.0055949576,-0.020564796,0.0017299452,0.028471958,-0.028955705,-0.012362538,-0.03349513,0.03169834,0.036027323
generative ai fundamentals course,0.83622795,0.40928668,0.022141935,0.01346023,-0.047828313,0.004362834,0.12008817,-0.046480417,0.00026302377,-0.052956488,-0.0121548865,-0.1024347,-0.026542153,0.016799094,0.019054743,0.013714099,-0.040627178,0.05496302,-0.07249872,-0.019798823,-0.03758731,-0.025008027,-0.047984622,-0.009916759,-0.008372551,0.116335444,-0.025315981,0.010879137,-0.030155752,-0.03468982,-0.055492975,-0.01003693,0.043932334,-0.039049197,-0.043062862,0.0021445046,0.09490601,0.004852433,0.015161255,0.042205315,0.0959602,0.02956134,0.090163626,-0.0871117,0.035375357,0.09520501,0.07991603,0.07061084,-0.006933089,-0.018919343
stanford online artificial intelligence course,0.77132857,-0.10756485,-0.33323064,0.06019799,0.16633955,0.3587651,-0.030408831,0.071992755,-0.039043594,-0.1513096,-0.12983404,-0.08863677,-0.12981445,0.0598477,-0.02267941,-0.018983375,0.07187189,0.028958365,0.040516,-0.00034534745,-0.019444615,-0.015829567,0.0057994328,-0.071233995,0.08390541,-0.034761928,-0.017090978,0.06859242,0.044978257,0.0057848296,0.027411401,-0.07204637,-0.02599188,0.013094301,-0.05122658,-0.007964899,-0.028022898,-0.034687392,0.028170306,-0.0039861607,-0.029929224,0.047329925,-0.012103026,-0.006301943,-0.010921315,0.0090705585,-0.03070364,0.012894668,-0.011212948,0.012984369
top artificial intelligence certification,0.7250968,-0.41700792,0.08988119,0.12568,-0.27611002,0.052227717,0.21282883,-0.0594773,-0.021060457,-0.017136564,-0.013806947,0.15818717,0.054934163,0.1616009,-0.05232769,-0.03951954,0.14069349,0.0116165755,0.061392516,0.15032957,-0.08898457,0.044780362,0.10095225,-0.07917901,0.00511614,0.014247664,0.009546118,-0.014391014,0.0174561,-0.0060645267,0.013165798,-0.029594049,0.008434377,-0.024105502,0.06840902,-0.013325123,0.008560034,-0.028193101,-0.04557926,-0.010922268,0.0024164354,0.029599003,-0.011172045,0.016704438,0.0041904612,-0.029981952,0.018769085,0.02210646,0.054861773,0.0074755005
diploma in artificial intelligence,0.81725055,-0.2481282,0.0058786273,0.06439286,-0.023367096,0.105770536,0.15821591,-0.08205074,0.10161643,-0.12788872,0.14374885,-0.012259063,0.06257133,-0.16470346,-0.03748894,-0.12785849,0.0017880335,-0.0427904,0.04340786,-0.03686689,0.085170515,0.088423714,-0.1033931,-0.09940646,-0.09620013,-0.002078638,0.05162071,0.011384891,-0.046613608,-0.010209872,-0.022528075,-0.10128619,0.028684888,-0.0066817906,-0.014363858,0.019169647,0.0441494,-0.02722307,-0.16270585,-0.0075347065,0.023912478,-0.017668214,0.09576043,0.045409754,-0.06631152,-0.056686968,-0.05860307,0.0026701612,-0.0005368447,0.08315756
ai certification cost,0.59383297,-0.40405947,0.07194175,0.1334289,-0.35269874,-0.09225443,-0.1541651,0.033651635,-0.13367549,0.097676985,-0.09811204,-0.08251116,-0.029313544,0.006601093,0.024381645,0.012911387,-0.018199956,-0.0001407118,-0.055517685,0.07572433,0.09372979,0.037844393,0.0947231,-0.03840873,0.07699406,0.07173509,0.012032832,0.043489568,0.12673672,0.08548958,0.008158875,0.07473547,-0.14233781,0.06457277,-0.15004277,0.008697792,0.26833186,-0.16156915,-0.12189036,-0.0755864,0.0561259,0.078958325,-0.03818076,0.017019067,0.020814719,-0.021771852,-0.06161918,0.029452654,-0.057827238,-0.0107889725
artificial intelligence bootcamp online,0.580299,-0.10101863,-0.16178471,-0.14201981,-0.012391455,0.3489847,0.022137582,0.357123,-0.015027646,0.19550882,0.058426857,0.30236015,-0.20175333,0.11057315,0.02118739,-0.034039456,-0.182624,-0.20864558,-0.13998353,0.032571193,-0.06913215,-0.05632185,-0.078698814,-0.016608022,0.04955724,0.11431186,-0.03511418,0.004088184,-0.021795249,0.06386745,-0.08987678,-0.03655921,-0.023443403,0.07659192,-0.03345846,0.019265695,-0.072763845,-0.007124862,-0.008116347,-0.018712157,-0.031481914,0.05865463,0.008602995,0.0002552852,-0.046431273,0.038698494,-0.03134386,0.0062426794,0.02400342,0.052753694
artificial intelligence specialist certification,0.7187055,-0.45110378,0.07372357,0.1559473,-0.2782454,0.015725005,0.20180106,0.028705362,0.0672867,-0.112393945,0.027549086,0.12692311,0.06974142,-0.0679719,-0.039942216,-0.04207258,0.05192795,0.051497806,-0.01334214,-0.08065855,-0.057701744,-0.02103762,0.038476594,-0.09253661,-0.055040594,0.059903495,-0.10316621,-0.0108624,0.013220497,-0.02514826,0.047064137,-0.043929804,0.0057028355,0.09528452,0.0057505732,-0.012930136,-0.025502205,-0.034218293,0.08562011,0.003361238,-0.021483956,-0.023279354,-0.016533662,-0.023137383,-0.04579934,-0.027056744,0.09596627,-0.01322687,-0.05859721,-0.0023152486
northeastern university artificial intelligence,0.72847974,-0.08289354,-0.03293242,0.0016086111,0.1653273,0.25700223,0.11939351,-0.033808906,-0.08392728,-0.17362717,0.053905994,-0.0038218433,-0.01784368,0.045539998,0.10281043,-0.118757054,-0.011326619,-0.13790983,0.124859765,0.17950119,-0.076180674,0.021634696,-0.070770696,-0.04146158,-0.08143394,-0.04491988,-0.028887067,-0.03867128,-0.20435207,-0.0070823436,0.012659978,0.20591976,-0.002804033,0.019945145,0.11202295,-0.13609254,0.19115628,0.051608935,0.058401268,0.029572355,0.07397767,-0.01664384,-0.05063079,-0.03994437,-0.117980696,-0.019700196,-0.0021132536,-0.015143443,0.09194013,-0.047154274
mit ai course,0.8202978,-0.09760557,0.051005732,0.27503014,0.39887685,-0.043759923,-0.070249654,-0.09482286,-0.048981752,0.08942089,-0.060282696,0.0047294484,0.045574736,-0.09329881,-0.027118273,-0.010475923,0.05889309,-0.004140928,-0.007715617,-0.0004373255,0.053918816,0.029850602,0.026788672,0.05897424,0.024382312,0.04957954,0.059910353,-0.0038527779,-0.017132163,0.03752953,0.0153148025,0.026967019,-0.029861545,-0.024582798,0.020920625,0.041498657,0.012350115,0.03536356,-0.027299475,-0.023878695,-0.021593139,0.016919054,0.03340188,-0.008552758,-0.02444279,0.05856103,0.030001365,-0.024899913,0.05669881,0.02796006
mit xpro ai,0.6781157,-0.11614959,0.23854682,0.19880202,0.29895598,0.031169038,-0.007755093,0.02531285,0.047514386,0.15255804,0.025573658,-0.0611045,0.1352128,-0.06286602,-0.22371891,0.15739718,-0.11898654,0.0946956,-0.07385393,0.32363564,0.114099555,0.09407914,-0.021995492,-0.12277492,0.079247825,-0.034852613,-0.099294335,-0.019733893,-0.048124783,0.0019002422,0.034519896,-0.00018369462,-0.04985687,-0.0141651295,0.07250414,-0.03154839,-0.022931017,-0.011399686,0.027479015,0.011741631,0.042403944,-0.019910073,0.056098968,0.014876252,-0.00971947,0.002260667,0.011231233,-0.008792332,-0.03851757,0.048765965
coursera generative ai,0.7964724,0.4147602,0.036756627,0.06662498,-0.13627003,-0.050517183,-0.053304974,-0.04385931,-0.14671005,0.042823993,-0.008574624,0.014845017,0.07861389,-0.14054902,-0.096637815,-0.015970323,-0.02130903,-0.116557226,0.06958213,0.04775309,-0.0035936572,0.046999913,-0.0051039993,-0.08632235,-0.02647154,0.027928578,-0.0032697006,-0.073548175,-0.1257758,0.03422687,0.018750275,-0.08136248,-0.03415681,0.017616712,-0.011742828,0.012899917,-0.034035504,0.02730663,-0.08000391,-0.02595765,0.041103385,0.058800716,-0.042603724,0.037977315,0.026201129,-0.09404677,-0.04836026,0.015871882,0.08986524,-0.040781233
introduction to generative ai,0.6850758,0.5491989,0.1984386,-0.0076546404,-0.13197681,0.10534556,0.17179476,-0.10088286,0.03373024,-0.016600907,-0.0030313146,0.0043716654,0.029650705,0.033959158,0.000108394044,0.06478839,-0.10107906,0.011619116,-0.15768103,0.006574738,-0.040017057,-0.0020173993,-0.091172345,0.084678724,0.0054408438,0.023139156,-0.03378105,-0.029815791,-0.0016470546,-0.006910612,0.094155766,0.0022305122,-0.01719526,0.06453735,0.008302928,-0.07373244,0.08496992,-0.06678633,-0.0042496016,-0.10050584,-0.05005675,-0.031728376,0.033179894,0.014995188,0.031228652,-0.054260843,-0.050821636,-0.067357816,0.045288574,-0.013419242
prompt engineering course,0.54406035,-0.009076013,-0.25240132,0.13941073,0.22816089,-0.37130082,0.1687299,0.46032006,0.17957138,-0.1600456,0.022525406,-0.13065223,-0.018529661,0.0792042,-0.19753173,0.05551024,0.098291606,-0.07605266,0.030103,0.01050875,-0.03968525,0.024070507,-0.1207485,0.06448888,-0.002869776,-0.0030225702,0.04320586,0.043265052,0.050932746,-0.00048115556,0.008835458,-0.008291177,0.056067377,0.03350448,0.037044343,-0.036895704,-0.015733905,-0.023309618,-0.05367982,-0.03948895,-0.0414894,0.034254506,-0.04163319,-0.029606076,0.011474518,-0.034026913,0.003914199,0.04689045,0.028379736,-0.020882662
stanford ai course,0.8814361,-0.047614094,-0.12656176,0.008454386,0.21300954,0.07205996,0.073826894,0.004143827,-0.24381365,-0.063519895,-0.094304405,-0.112564825,-0.17531163,-0.020898905,0.061721575,0.08240896,0.051972408,0.043705426,0.05147437,-0.010080936,0.017207447,0.0152697675,0.018907221,-0.040237647,0.01659001,0.017362412,0.030287163,0.028111828,-0.030819384,-0.0032122394,0.055447202,-0.0025713418,0.0032486848,-0.0023183688,-0.013873197,-0.012637199,0.001139968,-0.01826859,0.036821235,-0.03025667,-0.023292731,0.029817943,0.02103251,0.004930672,0.016509445,0.01302367,0.006386031,0.0011224276,0.009321763,0.015069805
large language model course,0.48246264,0.10104727,-0.3103577,0.04566054,0.1811387,-0.11737296,0.05476427,0.17425607,-0.090699136,-0.16293956,-0.19017017,0.12955147,0.1598408,0.024176031,0.22484529,-0.0569628,-0.123694934,0.16874504,0.20612827,0.06982049,0.10694813,-0.028486636,-0.08090876,-0.14309843,-0.047516435,0.28289378,-0.05884556,-0.20536584,0.25565186,-0.13108468,-0.15547895,0.041399423,-0.03878547,-0.13382477,0.022454312,-0.036463737,-0.04944184,-0.025987476,-0.03697588,-0.08027531,0.01071587,-0.024855675,-0.03580227,0.063907914,0.011607003,-0.0044789915,-0.02427518,-0.058751233,0.0039388295,-0.041825406
ai prompt engineering course,0.8448795,-0.076132566,-0.14198221,-0.079603024,0.097801656,-0.24983805,0.09014312,0.2582632,0.051306948,-0.02568443,0.035247914,-0.19927628,-0.05587738,0.05622856,-0.10243434,0.01989974,0.030634051,-0.053751457,-0.07319424,0.009235714,-0.0118490495,0.018904649,0.0020087725,0.03117366,0.04159758,0.01707313,0.06638234,-0.0012512311,0.0380505,-0.012444006,0.0024516461,0.005374994,0.09697844,0.063976675,0.006887402,0.046024706,0.021261783,-0.0022896545,-0.03503146,-0.02662289,0.049521305,-0.0049707154,-0.017483383,-0.022096708,-0.022380127,-0.044940233,-0.0130998995,0.045936134,0.024377106,-0.011074634
ai for business leaders,0.62845504,-0.06316586,0.41007522,-0.44475147,0.07781091,-0.040287238,-0.13159002,-0.1280117,0.04723031,-0.1858821,-0.11313235,0.13188808,0.030526653,0.045112405,0.026422389,0.08279809,0.05176367,-0.049069494,0.00022912606,-0.030565191,-0.022102326,0.005109419,0.07870696,0.09943656,0.051562473,0.063674025,-0.026610855,-0.054547478,0.0057395417,-0.11754969,-0.0061237975,-0.11087562,-0.030488476,0.05681289,0.051489774,-0.06960358,-0.0058372235,0.06872153,-0.0090021,-0.0065734773,0.13335124,0.09259708,0.06668694,-0.05399284,-0.018147882,-0.0639115,-0.007417679,-0.02902685,0.010274271,0.036659256
ai for product managers,0.61411387,-0.0059506027,0.37261164,-0.43443075,0.024442093,0.0012762765,-0.05361141,0.053954158,0.081505455,-0.02733299,-0.2725378,0.08105082,-0.084603325,-0.047079396,-0.18215193,-0.0326726,-0.08534098,0.018644573,0.11608597,-0.0734353,-0.19808055,0.061482668,0.014600167,-0.007141759,0.020514706,-0.06122774,-0.011512974,-0.06659169,-0.057715166,-0.0034196062,-0.060425963,0.13747776,0.009455206,-0.055725843,0.03261038,0.12457108,0.05449853,-0.10775711,-0.020598244,0.015255784,0.038674805,-0.07675288,-0.00991154,-0.035129897,0.034127563,-0.006267285,-0.026988337,-0.056181952,-0.03138756,0.052909195
online AI and ML courses,0.78908557,-0.10009057,-0.33169118,-0.08561866,-0.040801942,0.1614387,-0.34701893,-0.006531037,0.0723491,0.07143703,-0.06916141,0.04637111,-0.06794014,-0.045306824,0.01565305,0.06544358,0.10036164,0.08162281,0.012104548,0.0250297,0.034197375,0.0018747434,-0.09507969,0.06584425,0.02513434,0.019216292,0.03970482,-0.016219173,-0.0122808935,-0.04953393,-0.024568656,0.023981016,-0.07757144,0.07515034,-0.014706375,-0.079833664,0.013344279,0.046055492,-0.03609392,0.058406185,-0.030291725,-0.03491625,-0.04810859,-0.031078292,0.010521359,-0.007425466,0.01814335,0.034249865,-0.0037523394,-0.047638904
harvard ai course,0.83188486,-0.13410538,-0.073003456,0.10257661,0.23800342,-0.019011626,-0.035039045,-0.114626996,-0.13898598,-0.058891583,0.02827081,-0.07781911,-0.13814756,0.0026132185,0.062821835,0.07232442,0.032726474,-0.12505011,0.07849173,0.06879188,-0.13036025,0.11738472,-0.04226143,0.06805571,-0.084051006,0.037311178,0.039102998,0.046171796,0.025677968,0.050276518,-0.08241845,0.07153322,-0.09446857,0.04991026,0.110227965,-0.028610813,-0.04678411,-0.012899844,-0.00828411,-0.010426505,-0.057194702,0.012948985,0.043644644,0.06629633,0.08865648,0.0036404137,0.08583641,0.0043644067,0.009248884,0.028986715
designing and building ai products and services,0.598931,-0.11001411,0.3777997,-0.3833887,-0.06677805,0.03755532,-0.020801697,0.15730669,0.113055125,0.22352156,-0.26882365,-0.22350705,0.0370799,0.084179364,0.013636789,-0.17682666,-0.029888276,0.09629848,0.03480463,-0.031893257,-0.08411356,-0.017595569,-0.055615872,-0.034221366,-0.16425993,0.013328869,0.03618537,0.0055626608,-0.010573658,0.04148543,-0.031382773,-0.06844196,-0.03323752,0.010791611,-0.029797945,0.020606399,0.004482052,0.09580887,-0.015306107,-0.023818616,-0.07336171,0.0128982775,0.031985294,0.009567272,-0.0015018138,-0.027895745,0.018449366,0.016100466,0.05022718,-0.019636922
upskill in ai,0.48169917,-0.042677082,0.2146295,-0.24541868,0.023392633,0.05162975,0.07083419,-0.13816892,-0.35449204,0.22487523,0.40170133,-0.029274631,-0.004985394,0.10205037,-0.2728333,-0.074481785,0.018369028,0.12647057,0.22171596,-0.18048488,0.02170982,0.04769623,-0.13015549,0.054995228,0.10732733,0.017308496,-0.086972505,0.091678776,0.13759936,0.005631633,0.0011292339,-0.024043085,0.03653431,0.034830615,0.005917626,-0.03442521,0.06878304,0.092751466,0.0060210465,-0.065244235,0.022421364,-0.01376264,-0.022907214,0.04537655,-0.062576406,0.032629404,0.017738413,-0.054272115,-0.009090993,-0.050451454
mba in ai,0.6994967,-0.19975875,0.13428624,-0.07811893,0.115157954,-0.14427629,-0.17890759,-0.12764058,0.079781346,-0.013507576,0.05201487,0.16755459,-0.19214226,-0.11441854,0.013900374,0.028390218,-0.17093718,-0.07640948,0.122257695,0.05154901,0.04739481,0.19115911,-0.124132656,0.022584083,-0.030722527,0.11384621,0.19240454,-0.011081624,0.034186598,-0.0512049,0.14875315,-0.00087214314,0.07895774,-0.024934212,-0.091062255,0.053683456,-0.022103976,-0.011816886,0.08672876,0.055571068,-0.04812902,-0.08536379,0.06104544,0.046903137,-0.02923166,-0.04369343,-0.08850878,0.1121194,-0.102361254,-0.11476814
artificial intelligence certification mit,0.7673344,-0.39443251,0.18020853,0.3425265,-0.027714118,0.07360098,0.119349815,0.03490432,0.02395671,-0.014363613,-0.03966638,0.15559156,-0.0022642585,0.033335812,-0.0016312882,-0.12605375,0.07719506,0.0012940007,-0.0345277,-0.0178745,-0.051237747,-0.012514638,0.075607486,0.0074966527,0.055302914,0.048016127,0.042510875,0.00073387026,0.030244563,-0.044803027,0.0010886407,0.029291457,0.014698013,0.065305054,0.012872532,-0.00076646975,0.020300983,0.02378592,0.005664727,-0.008931534,-0.028949583,-0.02333919,0.0053344895,0.0065942677,-0.018954461,0.05850571,0.029906277,-0.00463025,-0.011085578,-0.040125363
no code ai and machine learning building data science solutions,0.5144582,-0.16360717,0.064479195,-0.17980802,-0.13077086,0.14591447,0.17255238,0.15669502,0.1371348,0.13350102,0.066002324,-0.032557596,-0.0076820944,-0.072421126,0.15587072,-0.07919269,0.16335833,0.04849404,0.26763457,0.34097737,0.09573732,-0.09225854,0.11747735,0.3875545,-0.06098049,-0.014106127,-0.074266255,-0.049756095,-0.08279262,0.09704488,-0.058635335,-0.076129235,0.0857634,0.062795565,-0.069255054,0.09493551,0.012138816,-0.046142258,0.084868684,-0.13663054,0.05511471,0.007749126,0.011059293,0.06646638,0.017887063,0.05830189,-0.015230442,0.004206196,-0.0192766,-0.013626722
MIT artificial intelligence course,0.8419308,-0.17236824,-0.07355196,0.2546685,0.31473565,0.08907796,0.10329409,-0.10077131,0.085068695,0.021213526,-0.023328954,0.00078734575,-0.027088871,-0.0143625075,0.00848758,-0.1715549,0.016461112,-0.05417264,-0.031273656,-0.039715245,-0.0070391647,-0.029939018,0.03322541,0.027382731,0.053998403,0.016227826,0.016425975,0.0328844,0.050864555,0.0064242193,-0.021380685,-0.028410126,-0.03017051,0.025164017,-0.010508533,0.0022627611,0.03167247,-0.02560952,-0.02810804,-0.032759137,0.016220994,0.01566762,-0.0009496727,-0.017047899,-0.027211409,0.008061032,0.012141937,0.022221418,-0.001965428,-0.016357737
udacity ai course,0.7479958,-0.053180937,-0.06518276,-0.048337907,0.012457474,-0.07862198,0.026524652,-0.016556371,-0.1462949,0.07870773,-0.038988158,-0.11884804,0.24353912,-0.10236023,0.054786514,0.013089753,0.16269265,-0.057786707,0.059256826,0.0057700514,-0.109781064,0.047280636,-0.08993872,-0.04500072,0.10101106,0.18434887,-0.029390564,0.08425464,-0.060028795,0.21782297,-0.102089524,0.070457645,0.15350106,0.049349483,-0.08483209,-0.10719897,-0.018427089,0.061888516,0.032074947,0.18628724,0.0585849,0.022604747,0.0070802323,0.038521063,0.0908772,-0.008117167,-0.08424527,-0.13412537,-0.087385096,0.010813101
ai graphic design course,0.7805159,-0.04001169,-0.19739859,-0.048185486,-0.008260628,-0.17559285,-0.04030338,0.00821983,0.11651109,0.11528386,0.06313683,-0.11554603,-0.046070643,-0.07301067,0.021672688,-0.09158879,-0.11506241,-0.0066426387,0.012448749,-0.04047481,-0.08620394,0.04576505,0.109014094,-0.012619472,-0.06962008,0.006820987,-0.011900791,0.13781732,9.100791e-05,0.012845146,0.13506722,-0.045501664,0.010325162,-0.07904815,0.009772228,-0.1642542,-0.14643194,-0.16853227,-0.1290989,0.006408185,0.1299674,-0.007527144,-0.059713952,-0.07092281,0.016613185,0.16821697,0.013805852,-0.07065334,0.044916876,-0.11111377
ai executive education,0.6970475,-0.19925061,0.1735447,-0.26034,0.04556643,-0.22764656,-0.15998341,-0.06591462,-0.06907818,-0.19344135,0.3123696,0.0038636345,-0.090954006,0.110166006,0.07589317,-0.13509399,0.057818264,0.13306215,-0.15470386,0.15250991,-0.009275709,-0.016101629,0.02247002,-0.07055173,-0.041442398,0.019547693,0.021259863,0.019800564,0.017313238,0.076787084,-0.053105544,-0.0806895,0.012888591,-0.052206766,-0.010732018,0.037320748,0.0016224926,-0.009003997,-0.01335756,0.021366945,-0.068774365,-0.027466621,-0.019851185,-0.063889146,0.007737067,-0.0073217326,-0.0027744095,0.02299518,0.009786052,0.011251329
ai for executives,0.6621282,-0.096725136,0.42114925,-0.4598856,0.08437218,-0.05933819,-0.05405408,-0.090008974,-0.03451708,-0.20759876,0.14640494,0.12020825,0.0075747045,0.04443959,-0.029375054,0.02007747,0.07325853,0.041318323,-0.09088382,0.07094178,-0.085317016,-0.019397477,0.0077245953,0.012147974,-0.03142168,0.020890575,-0.0013051279,0.000526379,-0.036678236,-0.015978506,-8.359554e-05,0.044538416,-0.061135773,-0.050514013,-0.026648665,0.0010730851,-0.05781931,0.013868041,-0.0008897448,-0.039506488,0.042100053,0.043295354,-0.020681629,0.040181562,-0.015336396,0.027452113,-0.04689426,-0.01498121,-0.059130907,0.017315721
ai transformation course,0.8206877,0.038438786,-0.028458089,-0.03284391,0.05008913,-0.099594794,-0.015205616,-0.026714478,0.049231865,0.06760593,0.101809,-0.17868182,0.10026668,-0.09482771,0.21822888,0.11987593,-9.819809e-05,-0.06787995,0.078092925,-0.040156595,-0.1711722,-0.14097413,0.04612536,-0.097059,0.103885315,0.09274933,-0.003995761,0.059178565,0.00329762,-0.010765207,-0.00771957,0.008607233,-0.028836198,-0.04689651,0.050873272,-0.044724878,0.04673639,0.072003484,0.05162838,-0.16359352,-0.058252938,-0.08239898,0.06949657,-0.102907546,-0.095783554,-0.0049859835,-0.018548364,0.01650969,-0.042307973,0.039595127
ai innovation course,0.85586965,-0.16783,-0.07806833,-0.14542146,0.07778214,-0.16237432,-0.10299983,-0.001237467,0.10973896,0.03559857,-0.053541273,-0.19237968,-0.09408796,-0.039293703,0.058920484,-0.06566118,0.110684656,-0.093267456,-0.021396693,-0.011817831,-0.007418243,0.07171344,0.02165634,-0.016209064,0.04778126,-0.032221723,-0.124840796,-0.013444269,0.08496398,0.117750056,0.06253296,0.05724482,-0.007012087,-0.07190867,0.0349458,0.0105960285,0.06193582,-0.011344763,-0.019120004,-0.03162687,0.01501905,0.017266238,0.024987372,-0.026136186,0.05092205,-0.07859849,0.01728359,-0.0012927254,-0.005459127,-0.005852957
ai course for business leaders,0.8204496,-0.13251382,0.0337783,-0.2754529,0.11188733,-0.19134982,-0.15877089,-0.10713949,0.07130136,-0.1524569,-0.13326177,0.055596203,0.0010632197,0.005145722,0.01433477,-0.0036642405,-0.009191028,-0.059221882,0.031296954,-0.024682082,0.013780206,0.006636424,0.101382114,0.09255585,0.10331942,0.08213637,-0.06443378,0.023684992,0.057406522,-0.04291508,0.0112560475,-0.10397507,0.0076537267,0.08157751,-0.0061276653,-0.059716877,-0.0047669103,0.024418335,0.012048916,0.004224809,0.044014513,0.069074064,0.0567009,-0.07992441,-0.0063016606,-0.051316068,0.018840166,-0.019805865,0.0527253,0.031059455
generative ai crash course,0.75626457,0.43584475,0.043337826,-0.005920311,-0.09447583,-0.020887274,0.08408319,0.028819133,-0.11787814,0.07957335,0.088264644,0.047189485,-0.016991049,0.05307612,-0.03731316,-0.037042703,0.03226306,0.009181581,0.11238259,-0.025229454,0.08150395,0.0492994,-0.028672494,-0.011692153,-0.02686286,0.057664476,-0.10497355,-0.031129219,0.1222391,-0.024458142,0.0491226,0.007211601,-0.04361283,0.12176786,0.054128125,0.03883656,0.007662435,-0.1047446,0.07770492,0.13173948,0.0113409925,-0.042460043,-0.04259425,-0.1039243,0.063198924,0.007993552,-0.1204049,0.08748953,0.111138426,0.12509786
generative ai for business with msft azure openai program,0.58205205,0.19478554,0.31418025,-0.23181339,-0.21063723,0.12147414,-0.11920697,0.07675431,0.070026755,0.013000951,-0.13169834,0.07574484,0.002459732,0.112245575,0.15855934,-0.06019602,-0.11011045,-0.13332093,0.10024804,0.04115849,0.2560434,0.011058298,0.030343583,-0.062443767,0.057536475,0.046602067,0.12011335,0.17667834,0.05327125,0.076217264,0.037676282,-0.05859806,0.2395495,-0.032722026,0.16445073,-0.054253995,0.060573664,0.038269296,-0.04664841,0.010148935,0.019834738,-0.050492384,-0.13833873,0.013122339,-0.0312503,-0.035597153,0.08992077,-0.0073010204,-0.05733562,0.1163269
mit applied generative ai,0.70649725,0.4545946,0.39060596,0.24661927,0.043608423,0.10377633,-0.018334394,-0.06373626,0.021696419,0.10039657,0.047657005,0.04398957,-0.033829372,-0.047090083,-0.009684382,-0.023902683,0.020193389,0.014324807,0.00038812592,0.029667446,0.018699285,0.012468465,-0.013322657,-0.03703394,0.050476946,-0.021591604,0.12745337,-0.06266959,-0.014957775,0.0034010888,0.008803649,-0.0014407978,0.010930366,0.022588352,-0.021828167,0.0019686238,-0.031295285,0.0012360697,-0.043916903,-0.0046423003,0.04848069,-0.02649719,-0.05148641,-0.013278404,0.067765154,-0.0316765,-0.027650164,-0.00034223835,0.00039652217,-0.040357336
gen ai courses,0.8550901,0.040905442,-0.111603096,-0.02193311,-0.049048048,-0.12690508,0.06745286,0.025479667,0.032984525,0.089061625,0.12927452,-0.057460852,0.02855425,-0.03916388,0.15492314,-0.013496505,-0.0071963887,-0.06524852,-0.003386781,0.08280372,-0.016382933,0.043782745,-0.10439837,-0.046093237,-0.016191632,-0.044970527,-0.0059025073,0.10067268,0.027643485,-0.1724704,0.023541035,0.015330542,-0.021090444,-0.05156946,-0.009148438,0.16802819,0.041646212,-0.059235685,0.08510994,0.12563877,0.008776037,0.1719375,-0.025708305,0.018365575,-0.035868205,-0.06855619,0.08278071,-0.03576845,0.00070196943,-0.018587327
generative ai certification,0.7956051,0.12702349,0.23486643,0.24274226,-0.43104813,-0.068050645,0.036161333,0.0940725,-0.04299836,-0.012336825,0.0015391897,0.079278015,0.013616556,0.004134132,-0.04708022,-0.014834671,0.086809,0.019049281,0.0073646107,0.028960442,-0.023385251,0.040910296,0.0066635427,-0.034950677,0.016207946,0.0041261516,0.047371756,0.0018637575,-0.0074677994,0.011465361,0.033250917,0.036110394,0.0055592023,-0.010862169,0.057275496,-0.004263346,-0.033125777,-0.007209016,0.023928814,-0.0008861764,-0.026174154,0.019054106,-0.019075383,0.011870569,0.013938022,0.01894002,-0.005567009,0.0116739785,-0.008381913,-0.01890623
stanford ai certificate,0.68390536,-0.3397643,0.10287197,0.34680668,-0.08073627,0.11131618,-0.041481458,0.06758286,-0.26740098,-0.16672033,-0.14234972,-0.17682835,-0.22522017,0.05200683,0.053343248,0.08589628,-0.043190595,0.011479959,0.04175956,-0.019316347,0.05174869,0.05093395,-0.053718247,-0.041536026,0.054562427,-0.09097439,-0.011878607,0.041618645,-0.0069128936,-0.02218961,0.003152107,-0.09156677,0.00073102425,-0.017959142,-0.05885611,0.011560234,-0.029322004,-0.012185595,0.012576016,-0.04545594,0.002579559,-0.0039862604,0.02870651,-0.032169186,0.0041013784,-0.0014546476,-0.02208275,-0.02400795,-0.008968749,-0.0061985445
harvard ai certificate,0.61224145,-0.3635735,0.17627268,0.35981768,-0.040779844,0.026958784,-0.111128815,-0.06346226,-0.15989777,-0.15608472,0.008030576,-0.1208547,-0.17083456,0.081645876,0.061075628,0.05640154,-0.11265158,-0.1367943,-0.00604178,0.042683333,-0.15719515,0.13468887,-0.07189962,0.151426,-0.023833148,-0.037924837,-0.022121161,0.040040564,0.07737467,0.025852868,-0.18364432,0.01921376,-0.10832625,0.052910447,0.1096093,-3.0807132e-05,-0.057625107,0.019723529,-0.040942315,0.020659972,0.017192053,-0.057286017,0.04743013,0.06643755,0.092072524,-0.027929306,0.06595476,-0.007855669,-0.030327152,-0.0073209037
stanford ai professional program,0.80330426,-0.08644916,0.06349069,-0.048579447,0.15710182,0.17294893,0.054158475,0.11521216,-0.2768717,-0.11887789,-0.026462844,-0.11847413,-0.19710484,0.05541269,0.15703739,0.09394655,-0.09732449,0.16370791,0.042972647,-0.0425015,0.019249236,-0.030530281,0.044205774,-0.06013642,-0.020652497,-0.06384878,0.0024499304,-0.0069561847,-0.036138028,0.023077397,0.120481074,0.040805362,0.018447746,0.0077362126,0.039026115,6.767612e-05,-0.03717936,-0.06498674,0.0074912608,-0.0093832025,0.024602665,0.054006487,-0.00050014653,-0.0075709354,-0.0037004438,-0.087512635,0.0039974516,-0.002466131,-0.027919425,-0.0017296167
learning chatgpt,0.31063217,0.16612132,-0.20200168,-0.07596902,0.101996474,0.05537508,0.11053448,0.2536736,0.06283222,-0.14280632,-0.016771218,0.19830923,0.3627071,0.010848343,0.31425297,0.02803747,-0.033248253,0.27982286,-0.04892408,-0.138889,-0.024918517,0.51110196,-0.02957798,0.034573525,0.13425499,-0.10302972,-0.052712336,0.08023763,-0.117953956,0.07185952,-0.071065366,-0.03228864,-0.0099514,0.039459586,-0.041096687,0.039586704,-0.005236978,0.018679587,-0.027664151,-0.052290633,-0.023722263,0.024614776,-0.01783486,-0.029595882,-0.025570272,0.03365133,-0.01000468,0.047007725,0.029217996,0.0004297171
mit xpro designing and building ai products and services,0.6485688,-0.13829684,0.41032186,-0.13440064,0.12716465,0.03664002,-0.051758777,0.20155899,0.22415373,0.24276344,-0.19565198,-0.1880178,0.024442652,0.04999216,-0.1438155,-0.08114849,-0.12306931,0.15715708,-0.009349936,0.17459561,0.029564787,0.0027804584,-0.020296311,-0.10072018,-0.017798563,-0.005430581,-0.059157096,0.015495071,-0.013365866,-0.009417973,0.007895165,-0.043006916,-0.04178181,0.039252874,0.000509075,-0.016748803,-0.017291367,0.031115977,-0.00011800219,0.018789984,-0.03678638,0.003994944,0.021813449,0.011586865,-0.017171245,0.031644493,0.04592641,0.00549128,-0.027967857,-0.017573973
ai class,0.7977755,-0.01084404,0.028645292,-0.1578579,0.083463624,-0.053391967,0.029373983,-0.0525417,-0.23065485,0.13545994,0.028807923,-0.029751807,0.15597965,-0.21561024,0.014946435,0.07663203,0.019229535,-0.065837115,-0.030427707,-0.024932332,-0.10418909,-0.014024696,-0.12779136,-0.011410441,-0.05581412,-0.17485608,0.011541143,-0.17189425,0.114532925,0.06716505,-0.046078518,-0.11050101,0.1126692,0.021329163,0.0040708603,-0.06332369,-0.007951601,-0.13611928,0.035998892,-0.0053596175,-0.014099107,0.0076540085,-0.026238438,-0.040970046,-0.044000685,-0.012536908,0.05050209,0.016767828,-0.017858284,0.0043669585
mit ai certificate,0.6749658,-0.3564585,0.27992553,0.47929496,0.025400396,-0.002972654,-0.14242192,-0.04297817,-0.05924123,0.005734279,-0.079930514,-0.060218982,0.0029597976,0.014260623,0.005344951,-0.015096494,-0.09953956,-0.035939846,-0.09534272,-0.051940463,0.051443234,0.016944092,-0.0055629653,0.12604745,0.057086505,-0.023605518,-0.01672374,-0.009617994,0.027611457,-0.049544603,-0.06992591,-0.028390102,0.020872524,-0.03229178,-0.009077451,0.054369137,0.029263832,0.069624074,-0.027180545,-0.017218055,0.018756665,-0.04548569,-0.00892889,-0.020996634,-0.03809586,0.019350732,-0.0132777,-0.028898139,0.01622779,-0.015039064
mit ai courses,0.87763125,-0.12379084,-0.06652024,0.17281124,0.2648392,-0.09115772,-0.095172,-0.136046,0.03618031,0.108647436,-0.055500895,0.04063014,-0.059934326,-0.0220995,0.0620354,-0.09260514,0.016457446,0.059879985,-0.047109824,-0.036084145,0.06741953,-0.030524487,-0.032206938,0.031682532,0.04511625,-0.02036426,0.044486094,-0.0013017089,-0.03186485,-0.08404889,-0.0032441479,0.055814087,0.029606309,0.02704748,0.023399109,0.037490793,0.007203353,0.021438768,-0.027450126,-0.037924044,0.03428436,-0.01289134,0.0011367382,0.007571543,0.0032086694,0.022796698,-0.00040399376,-0.016316518,0.01979805,0.020008741
mit ai program,0.82930547,-0.11363408,0.21725662,0.028180845,0.2978775,0.1362513,0.051693436,0.054799046,-0.11802964,0.10289372,0.047484417,-0.018613065,0.011625663,-0.035843395,0.11416199,-0.08540339,-0.07963703,0.047258113,-0.06700006,-0.029883072,0.059971776,0.01005731,0.108596705,0.10603136,0.022996021,-0.018962407,0.115088865,-0.06506243,-0.020723874,-0.029396657,0.07711944,0.0940006,0.0041634776,-0.021331843,0.076789044,-0.039006293,-0.010751282,-0.013075825,-0.027855655,0.016470613,0.018160209,0.03875358,-0.0008314436,-0.0101164915,0.00017062925,-0.049824502,-0.0058627757,0.0032275016,-0.025557173,-0.005848939
ai certificate programs,0.7401628,-0.3959907,0.12532169,0.13379028,-0.25052187,-0.019445272,-0.030122729,0.1366706,-0.113963336,-0.035707347,-0.0031283852,-0.12832145,0.087753505,0.08397106,0.062159617,-0.03160224,-0.16691801,-0.03639274,-0.00051365636,-0.030066676,0.11168051,-0.00091241766,0.062005624,0.13528675,0.004766324,-0.0557621,-0.0070006847,-0.017936101,-0.09016111,-0.10100322,-0.053351276,0.043857075,-0.022252083,-0.07729626,-0.006316785,-0.03298598,-0.07350344,0.0056581367,0.08829728,-0.01743892,-0.034022823,-0.00056702265,-0.016797587,-0.08204855,0.053342186,-0.022618312,-0.05058137,0.017345278,-0.013249774,0.040681876
learn prompt engineering,0.5132051,0.03280512,-0.13566509,0.013687683,0.17512372,-0.31135938,0.19259493,0.5734259,0.13059765,-0.17665473,0.084636375,-0.1674503,0.042463697,0.17468187,-0.14465784,0.068112135,0.11220091,0.031517114,-0.06941279,-0.004672972,0.0050133243,-0.00919795,-0.0727361,0.08355893,0.04137787,0.05134317,0.16128372,-0.015601035,0.017896893,-0.008776731,-0.021619601,0.0024508098,0.04303642,2.3846094e-05,0.069169834,0.05189888,0.025841681,-0.013770754,0.005774026,0.021490242,0.06600013,-0.018131059,0.00045088024,0.007311401,-0.002905438,-0.0227541,-0.046583705,-0.0066103456,-0.033815406,-0.022300135
ai online courses,0.8408795,-0.120967254,-0.3426569,-0.10570238,-0.024310641,0.10161851,-0.32388628,0.011910399,0.045084763,0.09361558,0.014792077,-0.033215918,0.04279431,-0.008874589,-0.020464538,0.0012526554,0.058458984,0.027212426,-0.057515636,-0.025384977,0.026473854,0.0006070077,-0.0068876604,0.0022936144,-0.0057575083,-0.014293341,0.0024601147,0.0136626335,-0.015327257,-0.048430957,-0.008027137,0.028116623,0.01701106,-0.005692037,0.011367791,0.0011165815,-0.010599957,0.0025738233,-0.004351193,-0.030737273,0.0031619568,-0.013840691,-0.0030312205,0.029902492,-0.000833215,0.020421663,-0.04364993,-0.017734759,0.023626389,0.026938774
mit generative ai,0.69485277,0.4606888,0.39690834,0.2599245,0.076619305,0.09123281,-0.019094555,-0.08329517,-0.028653136,0.09346472,0.03932146,0.07578221,-0.013572865,-0.027571669,-0.045032956,-0.021165632,0.06546076,0.025130184,-0.0559594,0.0041128322,0.020222029,-0.022531727,0.0043725157,-0.008704828,-0.004649901,-0.008997978,0.08367656,-0.0640946,-0.027568473,0.00298002,-0.01638974,-0.029256571,-0.0011775328,0.031057153,-0.033331715,0.03813748,-0.04426663,0.022188412,-0.032626964,-0.0013762917,0.056352403,0.008835408,-0.050573684,0.0031036832,0.034472596,-0.040634517,-0.0056962594,-0.0061076423,0.011100239,-0.00015161168
online ai training courses,0.7848303,-0.12672414,-0.37861216,-0.09095988,-0.08927521,0.099974856,-0.3450657,0.089931294,0.026780613,0.13956964,0.021325437,0.048294604,-0.0032968945,-0.025420137,0.0037700823,-0.007887999,0.053603254,0.06077514,-0.1033793,-0.033031255,0.04966677,-0.047183227,0.00013247285,-0.021829052,0.010473161,-0.06532832,0.010638763,0.031386495,-0.0019612338,-0.010237107,-0.04240873,0.0024843605,-0.006920212,-0.017082714,0.029946053,0.01594929,0.03164083,0.01811967,0.03361352,-0.03674703,0.053293236,-0.007407134,0.015521806,0.05009321,0.035585422,-0.010906425,-0.021288618,-0.012009011,0.051787116,0.031727985
best ai courses,0.88336223,-0.11137494,-0.24471563,-0.06783978,-0.013692305,-0.15098988,-0.010528344,-0.16098455,-0.0071510733,0.17145273,0.0020664996,0.05292353,0.00027912686,0.13834596,0.05394242,0.0922407,-0.0220041,-0.0025329073,0.054743014,0.009584146,0.030626927,0.0029804618,0.025404714,-0.03984077,-0.034643408,-0.06995355,0.026500707,0.012669826,-0.0542419,-0.04430189,-0.0045912284,0.006098296,0.041621935,-0.020474136,0.021511016,0.03355954,-0.00425236,-0.00746649,-0.062009547,-0.009849585,0.0117498,-0.024196722,0.030219289,0.014771459,0.035920255,0.015157024,-0.017817218,-0.019240068,0.008149952,0.019806374
mit professional education applied generative ai for digital transformation,0.6134673,0.20963946,0.29146567,0.19083045,-0.09964074,-0.026554337,-0.1811307,0.077495664,0.29025966,-0.044560734,0.32531074,-0.13865338,0.068237334,-0.0805251,0.12682752,0.0773417,-0.08141533,0.031820748,0.15019754,-0.062261034,-0.13724704,-0.15202011,0.05433895,-0.09463113,0.093644485,-0.042607136,0.05576046,-0.009740577,-0.010131053,0.10104329,-0.010109147,0.019631417,-0.08408491,0.05656191,-0.011911463,-0.076971,-0.035791416,-0.0140740955,-0.02801851,-0.0379059,-0.007280079,-0.099988006,0.002937617,0.052600086,0.010094408,0.042151447,-0.053003024,0.1106667,0.020242628,0.040862963
applied gen ai for digital transformation mit,0.55845445,0.045328777,0.3760754,0.0854623,-0.025460694,0.09518091,0.016694393,0.10243186,0.32233208,0.14278218,0.27044833,-0.14387889,0.10122283,-0.07398725,0.23743801,0.12921321,-0.03488459,-0.07577505,0.15412395,0.058715392,-0.19136153,-0.05532815,0.015387548,-0.08163223,0.2289907,-0.04486624,0.1324889,0.0479284,0.06392698,-0.14816107,-0.01810581,0.016949985,-0.07365655,0.00039139882,-0.046727765,0.068726406,0.0034087538,-0.0018123648,0.031297658,0.043590497,-0.011554744,0.07347372,-0.057988323,0.006954894,0.003585113,-0.00929041,0.016211007,-0.05132766,0.029216431,0.014921162
best prompting courses,0.5153655,0.0027450693,-0.39154193,0.045529585,0.1423766,-0.39133495,-0.015296821,0.21584058,-0.01826333,-0.13086338,-0.039576374,0.09342981,0.15286559,0.3207321,-0.078329004,-0.006728234,0.0694423,-0.12381338,0.07938292,-0.07345748,0.00439477,-0.07327769,-0.14768952,0.058063783,0.024394725,-0.057438906,0.110548615,-0.08846723,-0.12915085,0.004038313,0.11159196,-0.09700297,-0.16766067,-0.0042715482,-0.088743635,-0.064212896,0.029301427,-0.004969757,0.03489446,-0.029986333,0.099920146,-0.07457718,-0.021504445,0.026210038,-0.0013176283,-0.0085943965,0.08928159,-0.03174301,-0.05062534,0.047365952
mit,0.4641208,-0.11718657,0.18650019,0.5096569,0.5704922,0.013022351,-0.077064574,-0.01697592,0.030591387,0.051453687,0.0035198138,0.21503524,0.07773784,0.0831657,-0.0061829556,-0.020243483,0.02282122,-0.014452009,0.06699551,-0.04010711,-0.0667635,-0.023238746,-0.01327749,0.018224845,-0.13579062,0.019195141,0.03977462,0.08306203,-0.0063193915,0.022677168,0.03256896,0.026361953,0.049036138,-0.0866568,-0.009510249,-0.02369954,0.044150367,0.025622712,0.03841075,-0.071517475,-0.08327129,0.030116968,0.031458475,-0.022938,0.089977644,0.00864814,-0.0033086564,-0.009618959,0.006175654,0.04315723
mitx,0.28559962,0.0022145796,0.329844,0.41440636,0.47499427,0.0009078801,-0.0113068735,0.04197853,-0.044417314,0.21245006,-0.07151279,0.22995375,0.1545117,0.14079173,-0.09655033,0.081600845,0.035778787,0.00032866685,-0.008302014,-0.035353675,-0.09863276,-0.048774637,0.16154456,-0.025861543,-0.17777339,-0.02654289,-0.07224228,0.23989207,-0.019987207,-0.08120335,-0.15043037,-0.046078872,0.0006433325,-0.03532964,-0.117618166,-0.09326744,0.03645742,-0.09665794,0.09652416,0.028885633,0.048472036,-0.04586708,-0.067133464,0.011821611,-0.009990719,-0.1165286,-0.067237265,0.054126892,-0.028574565,-0.040827066
google's introduction to generative ai,0.67476594,0.4879995,0.17733529,-0.0077376175,-0.110115245,0.17164554,0.10460129,-0.04860689,0.10228789,-0.04408699,0.020846575,-0.05121815,-0.044865333,0.039191667,0.0872162,0.018232306,-0.02203025,0.058429323,-0.1739422,0.05101968,-0.09339796,0.07531823,-0.11351175,0.17263193,-0.08367232,-0.0021433989,-0.026502296,0.072805084,0.10223474,-0.0728805,0.101934105,-0.052566107,-0.02093146,-0.066900186,-0.054976624,-0.059073683,0.08798182,-0.018902782,-0.009429033,0.04589852,-0.02353333,-0.08130518,-0.008886591,0.1230412,-0.021619651,0.024084749,0.014825719,-0.050609607,0.04383853,0.087043196
designing ai products and services,0.61257035,-0.10427525,0.36974162,-0.3796841,-0.0562294,0.045643855,-0.010788049,0.14100091,0.112564854,0.2301723,-0.27968705,-0.20844415,0.04632425,0.068590656,0.0047712508,-0.16961592,-0.032030884,0.09023631,0.029310625,-0.061099596,-0.10334956,-0.041485768,-0.07758184,-0.07182112,-0.14552753,0.003388609,0.067307904,0.014828621,-0.02530812,0.05092739,-0.03579551,-0.049744245,-0.031235017,-0.017545115,-0.013034908,0.019732356,0.01390996,0.07162898,-0.016134888,0.011261466,-0.05333178,0.032012865,0.016459528,-0.00708099,0.011264257,-0.013146945,0.0077595925,0.027491806,0.031495385,-0.026145605
best generative AI course,0.8700742,0.41388473,-0.06806724,0.03228437,-0.08148937,-0.08786502,0.063969836,-0.0640066,-0.021540962,0.0010229808,-0.0072940635,0.022702849,0.03762715,0.10178626,-0.03719349,0.080929734,-0.06426344,-0.01706683,0.04489206,0.020777708,-0.029376222,-0.0024597666,0.082786776,0.021656914,-0.023795402,0.005175827,0.0141321765,-0.010879175,-0.0007963285,0.042895604,-0.003399102,0.012690433,0.0135185635,0.00034013012,-0.0014659854,0.017197836,0.013510279,0.01678376,-0.008235828,0.009754888,-0.034815554,-0.015094379,0.0154351285,-0.00089562143,-0.012108922,0.01748548,0.021156149,-0.0076432815,-0.004970063,-0.03078938
mit professional development,0.38444334,-0.2102881,0.20118962,0.41799694,0.39664644,-0.15480648,-0.14994197,0.13315538,0.18041219,-0.13711987,0.10794093,0.11277044,0.036023345,0.027101316,0.1202082,-0.013735125,-0.08802259,0.2367928,0.056361992,-0.17324786,0.015396168,-0.21189314,-0.04999725,0.07639117,-0.113691784,0.037491255,-0.12192597,-0.05136534,-0.03394383,0.09701978,0.15563385,0.06917912,0.0077565676,0.07766379,0.06459138,0.08470128,0.039974537,-0.010781984,-0.045073446,0.11253931,-0.022848135,0.11877359,0.009740562,0.036196887,0.006978108,0.04366995,-0.03900516,-0.03452104,-0.027854599,0.04085968
generative ai fundamentals,0.7121208,0.4679478,0.25661993,-0.0059979265,-0.13559921,0.11691161,0.12028493,-0.065529324,-0.01997341,0.004124213,0.046824843,-0.062205084,-0.04747653,0.020302584,0.020476008,0.032858867,0.027127396,0.07259765,-0.08379448,0.00031656868,-0.0068608318,-0.004572986,-0.12674509,-0.038211502,-0.057813615,0.07269097,0.044145044,-0.040892553,-0.07557251,-0.07465539,-0.085526116,0.0039515984,0.017874153,-0.06447323,-0.035497602,0.02129666,0.076066464,-0.017319433,0.00086883694,0.005767467,0.16903378,0.0401818,0.057777077,-0.100932784,0.07776318,0.11985078,0.046540543,0.059550624,-0.054024365,0.0032072233
AI for product managers course,0.7632979,-0.05058076,0.09759458,-0.32449073,0.073683,-0.1349154,-0.105755426,0.031957615,0.118283175,-0.07359605,-0.26745394,0.03367329,-0.100163534,-0.0874807,-0.17524976,-0.07956529,-0.11654687,0.012460456,0.119502515,-0.07956906,-0.16536514,0.046704847,0.058862526,0.013746945,0.08616545,-0.047353312,-0.0433735,-0.040422913,-0.011300639,0.018527823,-0.03356575,0.08990929,0.03311484,-0.0070961197,0.0071639903,0.078087114,0.044992752,-0.07701638,0.0039324076,0.02580678,-0.007207747,-0.08982077,-0.025484476,-0.017162409,-0.0006293864,-0.0038450565,-0.009887453,-0.026437117,0.018060965,0.028824015
professional certificate in AI,0.6893396,-0.45160714,0.17481261,0.21610497,-0.25894624,-0.11729808,-0.15152565,-0.0064750547,-0.039721802,-0.12807961,0.05090004,-0.11347888,0.06402975,-0.048031226,0.010688347,0.12357455,-0.14440717,-0.011444417,0.0079004085,-0.106567666,0.04176176,-0.058207262,-0.057269346,-0.0043413197,-0.098069005,0.035057824,-0.09529954,-0.009366139,-0.050037965,0.0690224,0.0056256037,-0.023698024,-0.028576814,0.0048214584,-0.020426389,0.039527453,-0.03249542,0.009835453,-0.015043414,0.018783936,0.0505794,-0.0024054726,-0.033040598,0.036458038,-0.07562105,-0.002441209,0.015735492,-0.015448653,0.0055675064,0.007439777
online generative AI course,0.82468736,0.38287267,-0.21107984,0.008823682,-0.0803315,0.18663448,-0.21142985,0.05812188,0.014911852,-0.019911828,0.0027194943,-0.021901239,0.04641415,0.025924671,-0.09015074,0.035000786,0.012173052,0.016199,-0.059674274,-0.020359216,-0.034333505,-0.01583263,0.066764645,0.032836728,-0.009803632,0.04436404,-0.022086848,0.0026481082,0.054949548,0.0031425152,-0.018784005,0.057327636,0.0062022465,0.010403213,0.012283947,0.028272016,0.0077989544,0.01566956,0.01704162,0.020204546,0.008401479,-0.0011095189,0.02314991,-0.005905242,-0.046306632,0.007204224,-0.003744859,-0.00084394234,-0.018718937,-0.0114500215
generative AI for business,0.6044116,0.31918424,0.49328172,-0.23087004,-0.07243295,-0.017468354,-0.10650094,-0.00674346,0.14169051,-0.17542304,-0.16798946,0.14097972,0.09651013,0.009831958,-0.03245268,0.03680583,-0.0047908584,-0.086728476,0.11821994,-0.056210026,0.11592836,0.024542294,-0.0147570195,0.022224294,-0.04525414,-0.0596956,0.05546731,0.06930537,0.08143177,0.015885381,0.02776926,-0.035807192,-0.09278057,0.030539546,0.07338346,-0.0865293,-0.005186659,-0.031989243,0.07479671,0.0028934472,-0.022773052,0.090361506,0.056402136,0.010026119,0.02865424,0.055979207,-0.014714267,0.030640941,-0.020208351,0.00802376
MIT xPRO AI course,0.7599971,-0.10856992,-0.018793233,0.22918406,0.28322533,-0.076800905,0.008817031,0.03691954,0.10094428,0.10911318,-0.02689351,-0.07942093,0.111512244,-0.08308525,-0.21187763,0.118401624,-0.10096008,0.08684403,-0.042873546,0.26177883,0.14041972,0.059204713,-0.0082510775,-0.07597184,0.1251019,0.0093987705,-0.10317076,0.0058660433,-0.033136666,0.005463552,0.04488229,-0.0060569867,-0.041879606,-0.010559022,0.046768736,-0.052350134,-0.021257004,-0.016044712,0.03286151,0.013479871,-0.020777687,-0.026871638,0.056503568,0.011377938,-0.008543527,0.030350197,0.02247985,-0.0043886495,-0.009089366,0.034720324
MIT generative AI certificate,0.7189506,0.06213483,0.36314476,0.49455065,-0.16864713,0.0018649441,-0.10370357,0.004450313,-0.014747647,-0.048618276,-0.047912277,-0.04563012,0.016048761,0.0194292,-0.021528693,-0.033639163,-0.072867356,-0.03941099,-0.040983006,-0.008898133,0.08157865,-0.0017760273,-0.015645994,0.06776349,0.070177995,-0.03298398,-0.011789377,0.0061892406,0.009246633,-0.030159676,-0.0735138,-0.042348247,0.031788673,-0.035260256,-0.030243816,0.046148166,-0.045021635,0.05502373,-0.0024390675,0.017346453,0.038623773,-0.04037577,-0.06217038,-0.022186726,-0.0022124795,-0.010110269,-0.02123346,-0.0012512315,0.03355877,0.007870446
